review_bucket,article_id,account,published_at,title,article_type_name,classification_confidence,matched_keywords,topic_tags,suggested_type,review_result,review_note,raw_path
按类型抽检:主题教育,3147,中国民主同盟,2015-10-29,【坚持和发展中国特色社会主义学习实践活动】民盟李公朴支部2015年追寻公朴足迹主题教育活动纪实,主题教育,95,主题教育,民盟史、上海民盟、参政议政、主题教育、组织建设、宣传写作,,,,/Users/cheer/Documents/mllm-wiki-kb/data/raw/中国民主同盟/2015-10-29_【坚持和发展中国特色社会主义学习实践活动】民盟李公朴支部2015年追寻公朴足迹主题教育活动纪实_97c8e1a24121.md
按类型抽检:主题教育,5323,中国民主同盟,2019-09-10,张平副主席、程红副主席指导民盟北京市委“不忘合作初心，继续携手前进”主题教育活动,主题教育,95,主题教育、政治共识,上海民盟、参政议政、主题教育、组织建设、宣传写作,,,,/Users/cheer/Documents/mllm-wiki-kb/data/raw/中国民主同盟/2019-09-10_张平副主席、程红副主席指导民盟北京市委“不忘合作初心，继续携手前进”主题教育活动_0a409cf31322.md
按类型抽检:主题教育,718,上海民盟,2019-11-17,今天，长三角三省一市统战部共同召开学习贯彻习近平总书记关于加强和改进统一战线工作的重要思想研讨会,主题教育,82,学习贯彻习近平,上海民盟、参政议政、宣传写作,,,,/Users/cheer/Documents/mllm-wiki-kb/data/raw/上海民盟/2019-11-17_今天，长三角三省一市统战部共同召开学习贯彻习近平总书记关于加强和改进统一战线工作的重要思想研讨会_af893cc6f652.md
按类型抽检:主题教育,5809,中国民主同盟,2022-04-07,政治交接主题教育·学习专栏 | 民盟领导人谈多党合作——张澜,主题教育,95,主题教育,主题教育、宣传写作,,,,/Users/cheer/Documents/mllm-wiki-kb/data/raw/中国民主同盟/2022-04-07_政治交接主题教育·学习专栏 _ 民盟领导人谈多党合作——张澜_1cf8701d20ba.md
按类型抽检:主题教育,5803,中国民主同盟,2022-05-30,政治交接主题教育·典型在身边 | 全国家庭工作先进个人李亚华：做好做实妇女儿童工作,主题教育,95,主题教育,主题教育、组织建设,,,,/Users/cheer/Documents/mllm-wiki-kb/data/raw/中国民主同盟/2022-05-30_政治交接主题教育·典型在身边 _ 全国家庭工作先进个人李亚华：做好做实妇女儿童工作_090bab2c59e8.md
按类型抽检:主题教育,1938,上海民盟,2022-09-01,深化政治交接主题教育，《中央盟讯》刊登陈群体会文章,主题教育,95,主题教育,民盟史、上海民盟、参政议政、主题教育、组织建设,,,,/Users/cheer/Documents/mllm-wiki-kb/data/raw/上海民盟/2022-09-01_深化政治交接主题教育，《中央盟讯》刊登陈群体会文章_21f5bb8b4b9c.md
按类型抽检:主题教育,5971,中国民主同盟,2023-02-07,有声书 | 9、为什么说新时代十年的伟大变革在党史、新中国史、改革开放史、社会主义发展史、中华民族发展史上具有里程碑意义？,主题教育,58,学习贯彻中共,,,,,/Users/cheer/Documents/mllm-wiki-kb/data/raw/中国民主同盟/2023-02-07_有声书 _ 9、为什么说新时代十年的伟大变革在党史、新中国史、改革开放史、社会主义发展史、中华民族发展史上具有里程碑意义_d0ce7f8afe42.md
按类型抽检:主题教育,5940,中国民主同盟,2023-03-27,有声书 | 26.为什么说高质量发展是全面建设社会主义现代化国家的首要任务？,主题教育,58,学习贯彻中共,,,,,/Users/cheer/Documents/mllm-wiki-kb/data/raw/中国民主同盟/2023-03-27_有声书 _ 26.为什么说高质量发展是全面建设社会主义现代化国家的首要任务？_39778d4e9626.md
按类型抽检:主题教育,5955,中国民主同盟,2023-04-18,有声书 | 41.为什么要提高城市规划、建设、治理水平？,主题教育,58,学习贯彻中共,,,,,/Users/cheer/Documents/mllm-wiki-kb/data/raw/中国民主同盟/2023-04-18_有声书 _ 41.为什么要提高城市规划、建设、治理水平？_8ad493f31365.md
按类型抽检:主题教育,5533,中国民主同盟,2023-05-11,徐辉副主席出席民盟甘肃省委会“凝心铸魂强根基、团结奋进新征程”主题教育动员会,主题教育,95,主题教育、凝心铸魂、学习贯彻习近平,民盟史、参政议政、主题教育,,,,/Users/cheer/Documents/mllm-wiki-kb/data/raw/中国民主同盟/2023-05-11_徐辉副主席出席民盟甘肃省委会“凝心铸魂强根基、团结奋进新征程”主题教育动员会_b0d6f732c005.md
按类型抽检:主题教育,4303,中国民主同盟,2023-06-08,共读经典 书香润盟 | 二十大报告辅导百问（58）怎样理解公正司法是维护社会公平正义的最后一道防线？,主题教育,58,学习贯彻中共,,,,,/Users/cheer/Documents/mllm-wiki-kb/data/raw/中国民主同盟/2023-06-08_共读经典 书香润盟 _ 二十大报告辅导百问（58）怎样理解公正司法是维护社会公平正义的最后一道防线？_50ec73c72b7c.md
按类型抽检:主题教育,4308,中国民主同盟,2023-06-28,共读经典 书香润盟 | 二十大报告辅导百问（63）为什么说社会主义核心价值观是凝聚人心、汇聚民力的强大力量？,主题教育,58,学习贯彻中共,,,,,/Users/cheer/Documents/mllm-wiki-kb/data/raw/中国民主同盟/2023-06-28_共读经典 书香润盟 _ 二十大报告辅导百问（63）为什么说社会主义核心价值观是凝聚人心、汇聚民力的强大力量？_af56442ca1b7.md
按类型抽检:主题教育,4320,中国民主同盟,2023-08-09,共读经典 书香润盟 | 二十大报告辅导百问（75）为什么要重视心理健康和精神卫生？,主题教育,58,学习贯彻中共,,,,,/Users/cheer/Documents/mllm-wiki-kb/data/raw/中国民主同盟/2023-08-09_共读经典 书香润盟 _ 二十大报告辅导百问（75）为什么要重视心理健康和精神卫生？_a481f9320201.md
按类型抽检:主题教育,5566,中国民主同盟,2023-09-20,徐辉在民盟中央机关作“凝心铸魂强根基、团结奋进新征程”主题教育宣讲报告,主题教育,95,主题教育、凝心铸魂,参政议政、主题教育,,,,/Users/cheer/Documents/mllm-wiki-kb/data/raw/中国民主同盟/2023-09-20_徐辉在民盟中央机关作“凝心铸魂强根基、团结奋进新征程”主题教育宣讲报告_dfba2a19a765.md
按类型抽检:主题教育,3656,中国民主同盟,2023-11-01,丁仲礼主席赴四川省巴中市开展“凝心铸魂强根基、团结奋进新征程”主题教育活动,主题教育,95,主题教育、凝心铸魂、学习贯彻习近平,民盟史、参政议政、主题教育、组织建设,,,,/Users/cheer/Documents/mllm-wiki-kb/data/raw/中国民主同盟/2023-11-01_丁仲礼主席赴四川省巴中市开展“凝心铸魂强根基、团结奋进新征程”主题教育活动_9275ffb40d54.md
按类型抽检:主题教育,4292,中国民主同盟,2023-11-29,共读经典 书香润盟 | 二十大报告辅导百问（101）为什么说党的自我革命永远在路上？,主题教育,58,学习贯彻中共,,,,,/Users/cheer/Documents/mllm-wiki-kb/data/raw/中国民主同盟/2023-11-29_共读经典 书香润盟 _ 二十大报告辅导百问（101）为什么说党的自我革命永远在路上？_7a3140e9aacf.md
按类型抽检:主题教育,5061,中国民主同盟,2024-01-19,奋力写好新征程上的民主党派优秀答卷——民盟中央积极开展“凝心铸魂强根基、团结奋进新征程”主题教育综述,主题教育,95,主题教育、凝心铸魂、学习贯彻习近平,民盟史、参政议政、主题教育、宣传写作,,,,/Users/cheer/Documents/mllm-wiki-kb/data/raw/中国民主同盟/2024-01-19_奋力写好新征程上的民主党派优秀答卷——民盟中央积极开展“凝心铸魂强根基、团结奋进新征程”主题教育综述_5500ccf6dfac.md
按类型抽检:主题教育,778,上海民盟,2025-06-12,传承前辈精神，勇担民盟使命——“我与主委面对面”主题教育专场举行,主题教育,95,主题教育,民盟史、上海民盟、参政议政、主题教育、组织建设、社会服务、宣传写作,,,,/Users/cheer/Documents/mllm-wiki-kb/data/raw/上海民盟/2025-06-12_传承前辈精神，勇担民盟使命——“我与主委面对面”主题教育专场举行_38c4bc3c20e4.md
按类型抽检:主题教育,7847,中国民主同盟,2025-08-21,谢经荣出席首届土壤生态座谈会并开展“学规定、强作风、树形象”主题教育现场活动,主题教育,95,主题教育、学规定、强作风、树形象,主题教育、社会服务,,,,/Users/cheer/Documents/mllm-wiki-kb/data/raw/中国民主同盟/2025-08-21_谢经荣出席首届土壤生态座谈会并开展“学规定、强作风、树形象”主题教育现场活动_80b085d10f79.md
按类型抽检:主题教育,4623,中国民主同盟,2026-04-14,凝心铸魂 固守履职之本——一论深入开展“参政为公、实干为民”主题教育,主题教育,95,主题教育、参政为公、实干为民、凝心铸魂、学习贯彻习近平,参政议政、主题教育,,,,/Users/cheer/Documents/mllm-wiki-kb/data/raw/中国民主同盟/2026-04-14_凝心铸魂 固守履职之本——一论深入开展“参政为公、实干为民”主题教育_17c4ea81dfba.md
按类型抽检:人物采访/人物风采,3403,中国民主同盟,2014-11-19,【艺苑来风】不尽丹心——蒋兆和诞辰110周年纪念特展在国家博物馆举行,人物采访/人物风采,95,人物、诞辰、纪念、先生,,,,,/Users/cheer/Documents/mllm-wiki-kb/data/raw/中国民主同盟/2014-11-19_【艺苑来风】不尽丹心——蒋兆和诞辰110周年纪念特展在国家博物馆举行_385f5be1f754.md
按类型抽检:人物采访/人物风采,5821,中国民主同盟,2016-04-27,救援日记 | 盟员何军率领的厄瓜多尔地震救援队启程回国,人物采访/人物风采,58,先生,,,,,/Users/cheer/Documents/mllm-wiki-kb/data/raw/中国民主同盟/2016-04-27_救援日记 _ 盟员何军率领的厄瓜多尔地震救援队启程回国_3e53869673ac.md
按类型抽检:人物采访/人物风采,4288,中国民主同盟,2016-10-06,共和国的旗帜上也有我们的风采：黎明前的大屠杀,人物采访/人物风采,90,风采、纪念,民盟史、80周年、组织建设,,,,/Users/cheer/Documents/mllm-wiki-kb/data/raw/中国民主同盟/2016-10-06_共和国的旗帜上也有我们的风采：黎明前的大屠杀_e56915302707.md
按类型抽检:人物采访/人物风采,8449,群言杂志,2017-05-24,【新刊】谁是剩下的那条鱼？,人物采访/人物风采,66,故事、先生,宣传写作,,,,/Users/cheer/Documents/mllm-wiki-kb/data/raw/群言杂志/2017-05-24_【新刊】谁是剩下的那条鱼？_7a8e2c38f922.md
按类型抽检:人物采访/人物风采,8015,中国民主同盟,2017-11-22,追寻“赵一曼”| 民盟十二大代表董凡演绎下的舞台形象,人物采访/人物风采,90,人物、采访、故事、诞辰、纪念,上海民盟、宣传写作,,,,/Users/cheer/Documents/mllm-wiki-kb/data/raw/中国民主同盟/2017-11-22_追寻“赵一曼”_ 民盟十二大代表董凡演绎下的舞台形象_1f71b47787c5.md
按类型抽检:人物采访/人物风采,4099,中国民主同盟,2018-03-03,代表委员风采 | 用工匠精神绘制人生的每一种色彩 ——记全国政协委员韩清华,人物采访/人物风采,82,风采,参政议政、组织建设、社会服务,,,,/Users/cheer/Documents/mllm-wiki-kb/data/raw/中国民主同盟/2018-03-03_代表委员风采 _ 用工匠精神绘制人生的每一种色彩 ——记全国政协委员韩清华_c1623ed53473.md
按类型抽检:人物采访/人物风采,3989,中国民主同盟,2018-08-31,习近平给这位民盟盟员的回信里都写了啥？,人物采访/人物风采,66,人物、先生,,,,,/Users/cheer/Documents/mllm-wiki-kb/data/raw/中国民主同盟/2018-08-31_习近平给这位民盟盟员的回信里都写了啥？_0f5c160a8c24.md
按类型抽检:人物采访/人物风采,8776,群言杂志,2019-08-28,周氏兄弟在《新青年》开创的“三个第一”,人物采访/人物风采,58,先生,,,,,/Users/cheer/Documents/mllm-wiki-kb/data/raw/群言杂志/2019-08-28_周氏兄弟在《新青年》开创的“三个第一”_cb5b9530ca2b.md
按类型抽检:人物采访/人物风采,1005,上海民盟,2020-03-18,听盟员讲述“最美落日余晖”照片背后的故事,人物采访/人物风采,90,故事、先生,上海民盟、组织建设、宣传写作,,,,/Users/cheer/Documents/mllm-wiki-kb/data/raw/上海民盟/2020-03-18_听盟员讲述“最美落日余晖”照片背后的故事_aa227a13c159.md
按类型抽检:人物采访/人物风采,1209,上海民盟,2020-08-20,座无虚席！听童世骏教授说说梁漱溟先生的哲学观点,人物采访/人物风采,82,先生,民盟史、上海民盟、参政议政,,,,/Users/cheer/Documents/mllm-wiki-kb/data/raw/上海民盟/2020-08-20_座无虚席！听童世骏教授说说梁漱溟先生的哲学观点_161258a5690f.md
按类型抽检:人物采访/人物风采,6051,中国民主同盟,2021-02-04,民盟80年•为你写诗 丨《历史的瞬间》,人物采访/人物风采,74,风采、盟员风采、故事,80周年、宣传写作,,,,/Users/cheer/Documents/mllm-wiki-kb/data/raw/中国民主同盟/2021-02-04_民盟80年•为你写诗 丨《历史的瞬间》_7b6e7ea5e512.md
按类型抽检:人物采访/人物风采,6081,中国民主同盟,2021-03-25,民盟80年•为你写诗丨笔情墨韵 谱写新篇,人物采访/人物风采,74,风采、盟员风采、故事,民盟史、80周年、参政议政、组织建设、宣传写作,,,,/Users/cheer/Documents/mllm-wiki-kb/data/raw/中国民主同盟/2021-03-25_民盟80年•为你写诗丨笔情墨韵 谱写新篇_f7eedcdef9c5.md
按类型抽检:人物采访/人物风采,6139,中国民主同盟,2021-05-13,民盟80年•盟史丨一封信和两首诗的故事,人物采访/人物风采,95,风采、盟员风采、故事,民盟史、80周年、宣传写作,,,,/Users/cheer/Documents/mllm-wiki-kb/data/raw/中国民主同盟/2021-05-13_民盟80年•盟史丨一封信和两首诗的故事_d406af8acddc.md
按类型抽检:人物采访/人物风采,7368,中国民主同盟,2021-10-11,盟员风采 丨 “科学探索奖”是怎样炼成的——访青年数学家沈维孝教授,人物采访/人物风采,95,风采、盟员风采,上海民盟、80周年,,,,/Users/cheer/Documents/mllm-wiki-kb/data/raw/中国民主同盟/2021-10-11_盟员风采 丨 “科学探索奖”是怎样炼成的——访青年数学家沈维孝教授_3fff8ba6cef0.md
按类型抽检:人物采访/人物风采,7369,中国民主同盟,2022-03-15,盟员风采 丨 林育君：当好残疾人的“娘家人”,人物采访/人物风采,95,风采、盟员风采,参政议政、宣传写作,,,,/Users/cheer/Documents/mllm-wiki-kb/data/raw/中国民主同盟/2022-03-15_盟员风采 丨 林育君：当好残疾人的“娘家人”_49b611c23aea.md
按类型抽检:人物采访/人物风采,4033,中国民主同盟,2022-09-30,人民英雄，永垂不朽！,人物采访/人物风采,58,纪念,,,,,/Users/cheer/Documents/mllm-wiki-kb/data/raw/中国民主同盟/2022-09-30_人民英雄，永垂不朽！_a1acb8ef6c02.md
按类型抽检:人物采访/人物风采,4392,中国民主同盟,2023-02-14,典型在身边 | 收到患者红包后，这位盟员医生这么做……,人物采访/人物风采,95,这位盟员、盟员医生,,,,,/Users/cheer/Documents/mllm-wiki-kb/data/raw/中国民主同盟/2023-02-14_典型在身边 _ 收到患者红包后，这位盟员医生这么做……_6bb8549f85ef.md
按类型抽检:人物采访/人物风采,739,上海民盟,2023-10-28,从艺70年，这位盟员艺术家主演的新片摘得东京国际电影节金鹤奖,人物采访/人物风采,95,人物、采访、这位盟员,上海民盟、宣传写作,,,,/Users/cheer/Documents/mllm-wiki-kb/data/raw/上海民盟/2023-10-28_从艺70年，这位盟员艺术家主演的新片摘得东京国际电影节金鹤奖_f5a7f2760ac3.md
按类型抽检:人物采访/人物风采,2400,上海民盟,2024-09-16,这位盟员导演创作了“中国有声电影划时代作品”,人物采访/人物风采,95,故事、诞辰、先生、这位盟员,上海民盟、宣传写作,,,,/Users/cheer/Documents/mllm-wiki-kb/data/raw/上海民盟/2024-09-16_这位盟员导演创作了“中国有声电影划时代作品”_c033991db400.md
按类型抽检:人物采访/人物风采,1897,上海民盟,2025-08-10,沉痛哀悼民盟中央美术院上海分院名誉院长张培础,人物采访/人物风采,82,人物、采访、纪念、先生,上海民盟、宣传写作,,,,/Users/cheer/Documents/mllm-wiki-kb/data/raw/上海民盟/2025-08-10_沉痛哀悼民盟中央美术院上海分院名誉院长张培础_5fa4b62bf6b9.md
按类型抽检:会议报道,6175,中国民主同盟,2014-02-27,民盟与第一届人民政协会议的召开,会议报道,90,会议、常委会,民盟史、参政议政,,,,/Users/cheer/Documents/mllm-wiki-kb/data/raw/中国民主同盟/2014-02-27_民盟与第一届人民政协会议的召开_9f7c8e93f3f8.md
按类型抽检:会议报道,2963,中国民主同盟,2016-03-02,【两会提前看】郑功成谈将提请十二届全国人大四次会议审议的《中华人民共和国慈善法（草案）》,会议报道,90,会议、常委会,,,,,/Users/cheer/Documents/mllm-wiki-kb/data/raw/中国民主同盟/2016-03-02_【两会提前看】郑功成谈将提请十二届全国人大四次会议审议的《中华人民共和国慈善法（草案）》_eee9cb435e98.md
按类型抽检:会议报道,327,上海民盟,2016-07-19,【要闻】民盟市委召开社会服务工作会议,会议报道,95,会议、工作会,上海民盟、参政议政、组织建设、社会服务,,,,/Users/cheer/Documents/mllm-wiki-kb/data/raw/上海民盟/2016-07-19_【要闻】民盟市委召开社会服务工作会议_48c088cc096b.md
按类型抽检:会议报道,5140,中国民主同盟,2016-12-20,学习贯彻中央经济工作会议，我们能做什么？孙春兰讲了3个方面！,会议报道,95,会议、座谈会、工作会,参政议政、社会服务、宣传写作,,,,/Users/cheer/Documents/mllm-wiki-kb/data/raw/中国民主同盟/2016-12-20_学习贯彻中央经济工作会议，我们能做什么？孙春兰讲了3个方面！_1697df4aedc9.md
按类型抽检:会议报道,7410,中国民主同盟,2017-07-05,看看民盟山西省委新一届领导班子成员和秘书长都有谁？,会议报道,58,会议,参政议政,,,,/Users/cheer/Documents/mllm-wiki-kb/data/raw/中国民主同盟/2017-07-05_看看民盟山西省委新一届领导班子成员和秘书长都有谁？_8e1a48874360.md
按类型抽检:会议报道,24,上海民盟,2018-01-09,30年前，费老是怎样讲多党合作的,会议报道,58,代表大会,上海民盟,,,,/Users/cheer/Documents/mllm-wiki-kb/data/raw/上海民盟/2018-01-09_30年前，费老是怎样讲多党合作的_aaa6f0d3605e.md
按类型抽检:会议报道,6222,中国民主同盟,2018-09-12,民盟中央主席丁仲礼出席2018绿色经济遂宁会议,会议报道,90,会议、常委会,参政议政、社会服务、宣传写作,,,,/Users/cheer/Documents/mllm-wiki-kb/data/raw/中国民主同盟/2018-09-12_民盟中央主席丁仲礼出席2018绿色经济遂宁会议_c80ff26cd162.md
按类型抽检:会议报道,8330,群言杂志,2019-05-22,“但恨年迈我来迟”——1980年代费孝通对乡镇企业发展的探索,会议报道,66,会议、常委会,上海民盟,,,,/Users/cheer/Documents/mllm-wiki-kb/data/raw/群言杂志/2019-05-22_“但恨年迈我来迟”——1980年代费孝通对乡镇企业发展的探索_f9d42bc9dc49.md
按类型抽检:会议报道,8270,群言杂志,2020-01-19,2019年国家立法路线图,会议报道,66,常委会、代表大会,,,,,/Users/cheer/Documents/mllm-wiki-kb/data/raw/群言杂志/2020-01-19_2019年国家立法路线图_f76e27181cdd.md
按类型抽检:会议报道,5392,中国民主同盟,2020-09-02,张道宏、程红副主席出席民盟北京市委十二届十次全体会议暨参政议政工作会议,会议报道,95,会议、座谈会、工作会,参政议政、组织建设、社会服务、宣传写作,,,,/Users/cheer/Documents/mllm-wiki-kb/data/raw/中国民主同盟/2020-09-02_张道宏、程红副主席出席民盟北京市委十二届十次全体会议暨参政议政工作会议_c0308d527f18.md
按类型抽检:会议报道,3888,中国民主同盟,2021-03-25,中国民主同盟纪律处分办法（试行）,会议报道,58,会议,,,,,/Users/cheer/Documents/mllm-wiki-kb/data/raw/中国民主同盟/2021-03-25_中国民主同盟纪律处分办法（试行）_a17fd51eb066.md
按类型抽检:会议报道,6377,中国民主同盟,2021-10-13,民盟中央对口云南省长江生态环境保护民主监督工作推进会在北京召开,会议报道,95,会议、常委会、座谈会、推进会,参政议政、社会服务、宣传写作,,,,/Users/cheer/Documents/mllm-wiki-kb/data/raw/中国民主同盟/2021-10-13_民盟中央对口云南省长江生态环境保护民主监督工作推进会在北京召开_f92c52835086.md
按类型抽检:会议报道,8807,群言杂志,2022-07-01,坚定跟党走｜西柏坡的光辉岁月,会议报道,66,会议、代表大会,民盟史、参政议政,,,,/Users/cheer/Documents/mllm-wiki-kb/data/raw/群言杂志/2022-07-01_坚定跟党走｜西柏坡的光辉岁月_ab0386f128c8.md
按类型抽检:会议报道,4640,中国民主同盟,2022-11-01,刘旭光：坚定不移跟党走 携手奋进新征程,会议报道,66,会议、代表大会,参政议政、主题教育、宣传写作,,,,/Users/cheer/Documents/mllm-wiki-kb/data/raw/中国民主同盟/2022-11-01_刘旭光：坚定不移跟党走 携手奋进新征程_e53a9f213dcf.md
按类型抽检:会议报道,3682,中国民主同盟,2023-03-08,丁仲礼参加吉林代表团审议,会议报道,58,常委会,,,,,/Users/cheer/Documents/mllm-wiki-kb/data/raw/中国民主同盟/2023-03-08_丁仲礼参加吉林代表团审议_2e483bad6b87.md
按类型抽检:会议报道,1149,上海民盟,2023-09-28,如何推进安全韧性城市建设？中共上海市委召开专项民主监督专题协商座谈会,会议报道,90,会议、座谈会,上海民盟、参政议政,,,,/Users/cheer/Documents/mllm-wiki-kb/data/raw/上海民盟/2023-09-28_如何推进安全韧性城市建设？中共上海市委召开专项民主监督专题协商座谈会_2d1774aa8d7d.md
按类型抽检:会议报道,1683,上海民盟,2024-03-23,民盟中央召开“加大创新力度，提升完善现代商贸流通体系”重点考察调研开题会，陈群主委视频出席会议,会议报道,95,会议、常委会、座谈会、开题会,上海民盟、参政议政,,,,/Users/cheer/Documents/mllm-wiki-kb/data/raw/上海民盟/2024-03-23_民盟中央召开“加大创新力度，提升完善现代商贸流通体系”重点考察调研开题会，陈群主委视频出席会议_9fd6a996edb9.md
按类型抽检:会议报道,7069,中国民主同盟,2024-09-30,王光谦常务副主席出席新质生产力赋能企业高质量发展座谈会暨民盟中央企业家联谊会工作会议,会议报道,95,会议、常委会、座谈会、工作会,参政议政、社会服务,,,,/Users/cheer/Documents/mllm-wiki-kb/data/raw/中国民主同盟/2024-09-30_王光谦常务副主席出席新质生产力赋能企业高质量发展座谈会暨民盟中央企业家联谊会工作会议_3f73ea058041.md
按类型抽检:会议报道,4142,中国民主同盟,2025-03-08,会议花絮丨会场剪影（二）,会议报道,82,会议,参政议政,,,,/Users/cheer/Documents/mllm-wiki-kb/data/raw/中国民主同盟/2025-03-08_会议花絮丨会场剪影（二）_918b29a8bf51.md
按类型抽检:会议报道,1643,上海民盟,2025-10-29,民盟上海市委召开思想政治建设和宣传工作会议,会议报道,95,会议、主委会议、工作会,上海民盟、80周年、参政议政、组织建设、宣传写作,,,,/Users/cheer/Documents/mllm-wiki-kb/data/raw/上海民盟/2025-10-29_民盟上海市委召开思想政治建设和宣传工作会议_153dd9dbae15.md
按类型抽检:其他/待判,2932,中国民主同盟,2015-07-15,《七子之歌》节选,其他/待判,0,,,,,,/Users/cheer/Documents/mllm-wiki-kb/data/raw/中国民主同盟/2015-07-15_《七子之歌》节选_fd0bde35ee6c.md
按类型抽检:其他/待判,6008,中国民主同盟,2017-01-26,树高千尺不忘根，水流万里总思源——毛国典老师用“笔墨”回报父老乡亲,其他/待判,0,,,,,,/Users/cheer/Documents/mllm-wiki-kb/data/raw/中国民主同盟/2017-01-26_树高千尺不忘根，水流万里总思源——毛国典老师用“笔墨”回报父老乡亲_50b179988535.md
按类型抽检:其他/待判,8586,群言杂志,2017-05-03,中国要成为文化大国的基础是什么,其他/待判,0,,,,,,/Users/cheer/Documents/mllm-wiki-kb/data/raw/群言杂志/2017-05-03_中国要成为文化大国的基础是什么_766e6d349cb0.md
按类型抽检:其他/待判,3206,中国民主同盟,2017-12-02,@所有人，请您寄语民盟十二大！,其他/待判,0,,宣传写作,,,,/Users/cheer/Documents/mllm-wiki-kb/data/raw/中国民主同盟/2017-12-02_@所有人，请您寄语民盟十二大！_d2c45bbdad67.md
按类型抽检:其他/待判,8853,群言杂志,2018-03-08,妇女节，我们来谈谈婚姻,其他/待判,0,,,,,,/Users/cheer/Documents/mllm-wiki-kb/data/raw/群言杂志/2018-03-08_妇女节，我们来谈谈婚姻_45f7769684dd.md
按类型抽检:其他/待判,8541,群言杂志,2019-04-24,“鹤岗”热搜冷思考：欧美经验如何让“居者有其屋”,其他/待判,0,,上海民盟,,,,/Users/cheer/Documents/mllm-wiki-kb/data/raw/群言杂志/2019-04-24_“鹤岗”热搜冷思考：欧美经验如何让“居者有其屋”_5105d46f0b5b.md
按类型抽检:其他/待判,4044,中国民主同盟,2019-10-17,今天，送别敬爱的丁石孙主席,其他/待判,0,,,,,,/Users/cheer/Documents/mllm-wiki-kb/data/raw/中国民主同盟/2019-10-17_今天，送别敬爱的丁石孙主席_6134f1a677c7.md
按类型抽检:其他/待判,5986,中国民主同盟,2020-03-07,李医生收到了一封道歉信,其他/待判,0,,,,,,/Users/cheer/Documents/mllm-wiki-kb/data/raw/中国民主同盟/2020-03-07_李医生收到了一封道歉信_27f8bfd199df.md
按类型抽检:其他/待判,6023,中国民主同盟,2020-05-10,母亲节 丨 梁晓声朗读：《慈母情深》,其他/待判,0,,,,,,/Users/cheer/Documents/mllm-wiki-kb/data/raw/中国民主同盟/2020-05-10_母亲节 丨 梁晓声朗读：《慈母情深》_7087f5ba2f29.md
按类型抽检:其他/待判,5172,中国民主同盟,2020-10-01,家国共团圆！,其他/待判,0,,,,,,/Users/cheer/Documents/mllm-wiki-kb/data/raw/中国民主同盟/2020-10-01_家国共团圆！_7f2f2bd948f1.md
按类型抽检:其他/待判,6119,中国民主同盟,2021-04-27,民盟80年•微纪录丨英雄城 民盟人,其他/待判,0,,80周年,,,,/Users/cheer/Documents/mllm-wiki-kb/data/raw/中国民主同盟/2021-04-27_民盟80年•微纪录丨英雄城 民盟人_6f3fbd532fdf.md
按类型抽检:其他/待判,5246,中国民主同盟,2021-06-30,建党100周年 | 一幅壮美长卷，纵览党的统一战线历史瞬间！,其他/待判,0,,,,,,/Users/cheer/Documents/mllm-wiki-kb/data/raw/中国民主同盟/2021-06-30_建党100周年 _ 一幅壮美长卷，纵览党的统一战线历史瞬间！_1fe95a35e3e7.md
按类型抽检:其他/待判,8735,群言杂志,2021-12-01,千年汉阳城，百年汉阳造,其他/待判,0,,,,,,/Users/cheer/Documents/mllm-wiki-kb/data/raw/群言杂志/2021-12-01_千年汉阳城，百年汉阳造_0272ae2dadac.md
按类型抽检:其他/待判,9229,群言杂志,2022-07-27,茶行世界 —— 一片树叶的环球历程,其他/待判,0,,宣传写作,,,,/Users/cheer/Documents/mllm-wiki-kb/data/raw/群言杂志/2022-07-27_茶行世界 —— 一片树叶的环球历程_b897de2b7ddd.md
按类型抽检:其他/待判,3840,中国民主同盟,2022-10-31,中共二十大报告学习笔记,其他/待判,0,,,,,,/Users/cheer/Documents/mllm-wiki-kb/data/raw/中国民主同盟/2022-10-31_中共二十大报告学习笔记_1f67efcb9612.md
按类型抽检:其他/待判,3496,中国民主同盟,2023-03-11,【重磅】国家主席习近平签署主席令，任命李强为中华人民共和国国务院总理,其他/待判,0,,,,,,/Users/cheer/Documents/mllm-wiki-kb/data/raw/中国民主同盟/2023-03-11_【重磅】国家主席习近平签署主席令，任命李强为中华人民共和国国务院总理_82ac1c6e1bd4.md
按类型抽检:其他/待判,8303,群言杂志,2023-08-18,【“说说这五年”征文选登】大山深处是我家,其他/待判,0,,,,,,/Users/cheer/Documents/mllm-wiki-kb/data/raw/群言杂志/2023-08-18_【“说说这五年”征文选登】大山深处是我家_600bc3762c8f.md
按类型抽检:其他/待判,8283,群言杂志,2024-06-14,【“影响我的一个人”征文选登】父亲的春天,其他/待判,0,,,,,,/Users/cheer/Documents/mllm-wiki-kb/data/raw/群言杂志/2024-06-14_【“影响我的一个人”征文选登】父亲的春天_42c460b4a901.md
按类型抽检:其他/待判,9028,群言杂志,2025-01-28,春节食味,其他/待判,0,,,,,,/Users/cheer/Documents/mllm-wiki-kb/data/raw/群言杂志/2025-01-28_春节食味_ff922bb58a24.md
按类型抽检:其他/待判,2896,中国民主同盟,2025-09-18,94年前的今天，我们永远不会忘记！,其他/待判,0,,,,,,/Users/cheer/Documents/mllm-wiki-kb/data/raw/中国民主同盟/2025-09-18_94年前的今天，我们永远不会忘记！_727ae3ce3de6.md
按类型抽检:参政议政,5567,中国民主同盟,2014-03-09,徐辉委员：要为老年人建立更多的安全保障网,参政议政,82,提案、调研、建议、政协,参政议政,,,,/Users/cheer/Documents/mllm-wiki-kb/data/raw/中国民主同盟/2014-03-09_徐辉委员：要为老年人建立更多的安全保障网_d21307232e68.md
按类型抽检:参政议政,3133,中国民主同盟,2016-02-17,【地方盟务】广东民盟助力粤东西北 共建幸福广东,参政议政,95,参政议政、提案、建言、调研、建议、政协、两会,参政议政、社会服务,,,,/Users/cheer/Documents/mllm-wiki-kb/data/raw/中国民主同盟/2016-02-17_【地方盟务】广东民盟助力粤东西北 共建幸福广东_16d1b0ee6c4a.md
按类型抽检:参政议政,6389,中国民主同盟,2016-05-10,民盟中央建言区域经济发展 | 持续：又见新燕啄春泥,参政议政,95,参政议政、提案、建言、调研、建议、两会,参政议政,,,,/Users/cheer/Documents/mllm-wiki-kb/data/raw/中国民主同盟/2016-05-10_民盟中央建言区域经济发展 _ 持续：又见新燕啄春泥_717a0f729375.md
按类型抽检:参政议政,4715,中国民主同盟,2017-01-25,参政议政履行职能 建言献策关注民生 | 民盟安徽省政协委员参加省政协十一届五次会议,参政议政,95,参政议政、提案、建言、建议、政协,参政议政、宣传写作,,,,/Users/cheer/Documents/mllm-wiki-kb/data/raw/中国民主同盟/2017-01-25_参政议政履行职能 建言献策关注民生 _ 民盟安徽省政协委员参加省政协十一届五次会议_69ab8f51c828.md
按类型抽检:参政议政,5549,中国民主同盟,2017-04-26,徐辉副主席率队在河南进行“以改革创新为引领，加快推进我国农业机械装备制造转型升级”调研,参政议政,95,参政议政、调研、建议、政协,参政议政,,,,/Users/cheer/Documents/mllm-wiki-kb/data/raw/中国民主同盟/2017-04-26_徐辉副主席率队在河南进行“以改革创新为引领，加快推进我国农业机械装备制造转型升级”调研_9bb9490a5ca9.md
按类型抽检:参政议政,7705,中国民主同盟,2018-02-05,聚焦地方两会 | 天津市政协大会上来自民盟的声音，你想知道的都在这里~,参政议政,95,提案、建言、建议、政协、两会、履职,上海民盟、参政议政,,,,/Users/cheer/Documents/mllm-wiki-kb/data/raw/中国民主同盟/2018-02-05_聚焦地方两会 _ 天津市政协大会上来自民盟的声音，你想知道的都在这里~_15038ed1d2d0.md
按类型抽检:参政议政,2508,上海民盟,2018-08-13,陈群主委赴民盟金山区委调研,参政议政,95,参政议政、调研、建议、政协、履职,上海民盟、参政议政、组织建设、社会服务,,,,/Users/cheer/Documents/mllm-wiki-kb/data/raw/上海民盟/2018-08-13_陈群主委赴民盟金山区委调研_ff0b14e90ed7.md
按类型抽检:参政议政,8953,群言杂志,2019-04-30,恢复五一黄金周，谁说了算？,参政议政,82,提案、建议、政协、两会,参政议政,,,,/Users/cheer/Documents/mllm-wiki-kb/data/raw/群言杂志/2019-04-30_恢复五一黄金周，谁说了算？_4373538a0917.md
按类型抽检:参政议政,8168,中国民主同盟,2020-05-18,陈群：推动线上线下教育的融合发展,参政议政,95,提案、社情民意、调研、建议、政协、两会、履职,上海民盟、参政议政,,,,/Users/cheer/Documents/mllm-wiki-kb/data/raw/中国民主同盟/2020-05-18_陈群：推动线上线下教育的融合发展_3bf423fd9c9b.md
按类型抽检:参政议政,7693,中国民主同盟,2020-05-26,聚焦丨关于落实中小学校医配备，筑牢校园卫生安全防线的提案,参政议政,95,参政议政、提案、调研、建议、两会,参政议政,,,,/Users/cheer/Documents/mllm-wiki-kb/data/raw/中国民主同盟/2020-05-26_聚焦丨关于落实中小学校医配备，筑牢校园卫生安全防线的提案_21cbcc886139.md
按类型抽检:参政议政,8248,中国民主同盟,2020-11-25,龙庄伟副主席出席第二十四届全国发明展览会开幕式,参政议政,74,参政议政、建言、调研,参政议政、社会服务,,,,/Users/cheer/Documents/mllm-wiki-kb/data/raw/中国民主同盟/2020-11-25_龙庄伟副主席出席第二十四届全国发明展览会开幕式_73dc37af30ce.md
按类型抽检:参政议政,6344,中国民主同盟,2021-03-18,民盟中央召开“完善鼓励生育政策体系，破解低生育率难题”重点调研课题座谈会,参政议政,95,参政议政、调研、建议,上海民盟、参政议政,,,,/Users/cheer/Documents/mllm-wiki-kb/data/raw/中国民主同盟/2021-03-18_民盟中央召开“完善鼓励生育政策体系，破解低生育率难题”重点调研课题座谈会_67f5b0e0b3ff.md
按类型抽检:参政议政,560,上海民盟,2022-03-04,两会建言丨章义和：始终牵挂农民工问题,参政议政,95,参政议政、建言、调研、建议、政协、两会,上海民盟、参政议政、社会服务、宣传写作,,,,/Users/cheer/Documents/mllm-wiki-kb/data/raw/上海民盟/2022-03-04_两会建言丨章义和：始终牵挂农民工问题_31fd154f5b35.md
按类型抽检:参政议政,992,上海民盟,2022-10-24,同心同行谱新篇——民盟市委机关深入学习中共二十大报告精神,参政议政,82,参政议政、建言、调研、履职,上海民盟、参政议政、社会服务、宣传写作,,,,/Users/cheer/Documents/mllm-wiki-kb/data/raw/上海民盟/2022-10-24_同心同行谱新篇——民盟市委机关深入学习中共二十大报告精神_3423e745f605.md
按类型抽检:参政议政,4237,中国民主同盟,2023-03-04,全国政协委员刘思德：用医者仁心做患者的贴心人,参政议政,95,提案、调研、建议、政协、履职,参政议政、社会服务,,,,/Users/cheer/Documents/mllm-wiki-kb/data/raw/中国民主同盟/2023-03-04_全国政协委员刘思德：用医者仁心做患者的贴心人_c29ace89b9b2.md
按类型抽检:参政议政,3648,中国民主同盟,2023-08-28,丁仲礼主席走访民盟甘肃省委会机关,参政议政,90,参政议政、建言、调研、政协、履职,民盟史、参政议政、主题教育、组织建设,,,,/Users/cheer/Documents/mllm-wiki-kb/data/raw/中国民主同盟/2023-08-28_丁仲礼主席走访民盟甘肃省委会机关_b660befa5a48.md
按类型抽检:参政议政,7052,中国民主同盟,2024-03-07,王光谦参加全国政协十四届二次会议民盟界委员小组讨论,参政议政,90,建言、政协,参政议政,,,,/Users/cheer/Documents/mllm-wiki-kb/data/raw/中国民主同盟/2024-03-07_王光谦参加全国政协十四届二次会议民盟界委员小组讨论_18f8b604cfb8.md
按类型抽检:参政议政,420,上海民盟,2025-01-17,上海两会丨这份提案为何广受关注？,参政议政,95,提案、建言、调研、建议、政协、两会,上海民盟、参政议政、宣传写作,,,,/Users/cheer/Documents/mllm-wiki-kb/data/raw/上海民盟/2025-01-17_上海两会丨这份提案为何广受关注？_45773e3ad996.md
按类型抽检:参政议政,2238,上海民盟,2025-05-29,聚焦国际科技合作新格局，民盟中央科技委员会来沪调研座谈,参政议政,95,建言、调研、建议、政协,上海民盟、参政议政,,,,/Users/cheer/Documents/mllm-wiki-kb/data/raw/上海民盟/2025-05-29_聚焦国际科技合作新格局，民盟中央科技委员会来沪调研座谈_51c88a5218fe.md
按类型抽检:参政议政,408,上海民盟,2026-02-05,上海两会丨市人大举行专题审议，盟员代表们都提了哪些建议？,参政议政,95,建议、两会,上海民盟、宣传写作,,,,/Users/cheer/Documents/mllm-wiki-kb/data/raw/上海民盟/2026-02-05_上海两会丨市人大举行专题审议，盟员代表们都提了哪些建议？_b7a1ac2303a6.md
按类型抽检:文化作品/展示传播,3981,中国民主同盟,2015-04-01,习近平对话梁晓声：我跟你笔下知识青年不一样,文化作品/展示传播,95,笔下,,,,,/Users/cheer/Documents/mllm-wiki-kb/data/raw/中国民主同盟/2015-04-01_习近平对话梁晓声：我跟你笔下知识青年不一样_399fb4949b5c.md
按类型抽检:文化作品/展示传播,6384,中国民主同盟,2016-03-02,民盟中央常委、中国美术馆馆长吴为山教授创作青铜雕塑《延安窑洞对》在中央社会主义学院落成,文化作品/展示传播,58,美术家,参政议政,,,,/Users/cheer/Documents/mllm-wiki-kb/data/raw/中国民主同盟/2016-03-02_民盟中央常委、中国美术馆馆长吴为山教授创作青铜雕塑《延安窑洞对》在中央社会主义学院落成_db87852885aa.md
按类型抽检:文化作品/展示传播,3744,中国民主同盟,2018-09-27,与改革同行 | 李谷一：岁月留声,文化作品/展示传播,58,歌声,,,,,/Users/cheer/Documents/mllm-wiki-kb/data/raw/中国民主同盟/2018-09-27_与改革同行 _ 李谷一：岁月留声_dbb7d72d0031.md
按类型抽检:文化作品/展示传播,5666,中国民主同盟,2019-08-23,我和我的祖国 | 宋纪蓉：七十年旧貌新颜 四十载由学致术,文化作品/展示传播,95,我和我的祖国,参政议政,,,,/Users/cheer/Documents/mllm-wiki-kb/data/raw/中国民主同盟/2019-08-23_我和我的祖国 _ 宋纪蓉：七十年旧貌新颜 四十载由学致术_7cc733fb821d.md
按类型抽检:文化作品/展示传播,5684,中国民主同盟,2019-09-27,我和我的祖国 | 民盟朝阳区盟员倾情歌颂新中国成立70周年华诞！,文化作品/展示传播,95,歌声、我和我的祖国,80周年,,,,/Users/cheer/Documents/mllm-wiki-kb/data/raw/中国民主同盟/2019-09-27_我和我的祖国 _ 民盟朝阳区盟员倾情歌颂新中国成立70周年华诞！_cb707854ed96.md
按类型抽检:文化作品/展示传播,5676,中国民主同盟,2019-10-02,我和我的祖国 | 来自太湖明珠无锡的献礼——无锡民盟机关委员会唱响《我和我的祖国》！,文化作品/展示传播,95,我和我的祖国,,,,,/Users/cheer/Documents/mllm-wiki-kb/data/raw/中国民主同盟/2019-10-02_我和我的祖国 _ 来自太湖明珠无锡的献礼——无锡民盟机关委员会唱响《我和我的祖国》！_cb45de33bc34.md
按类型抽检:文化作品/展示传播,5707,中国民主同盟,2019-10-06,我和我的祖国 |一组诗词赋，诉说中华情,文化作品/展示传播,95,歌声、我和我的祖国,参政议政、组织建设、宣传写作,,,,/Users/cheer/Documents/mllm-wiki-kb/data/raw/中国民主同盟/2019-10-06_我和我的祖国 _一组诗词赋，诉说中华情_21f22698e893.md
按类型抽检:文化作品/展示传播,5656,中国民主同盟,2019-11-14,我和我的祖国 | 听！丽江纳西族民盟盟员用纳西古乐祝福祖国,文化作品/展示传播,95,我和我的祖国,80周年,,,,/Users/cheer/Documents/mllm-wiki-kb/data/raw/中国民主同盟/2019-11-14_我和我的祖国 _ 听！丽江纳西族民盟盟员用纳西古乐祝福祖国_290688afac44.md
按类型抽检:文化作品/展示传播,4949,中国民主同盟,2020-02-10,夜听 | 天使之光,文化作品/展示传播,95,夜听,,,,,/Users/cheer/Documents/mllm-wiki-kb/data/raw/中国民主同盟/2020-02-10_夜听 _ 天使之光_1c9fcd3bb258.md
按类型抽检:文化作品/展示传播,3212,中国民主同盟,2020-02-23,​抗击疫灾，我们同在 | 盟员美术家以笔寄愿 （五）,文化作品/展示传播,95,盟员美术、美术家、以笔寄愿,,,,,/Users/cheer/Documents/mllm-wiki-kb/data/raw/中国民主同盟/2020-02-23_​抗击疫灾，我们同在 _ 盟员美术家以笔寄愿 （五）_dc80be7fa7c3.md
按类型抽检:文化作品/展示传播,4976,中国民主同盟,2020-03-07,夜听 | 谁在担当,文化作品/展示传播,95,夜听、词曲,组织建设,,,,/Users/cheer/Documents/mllm-wiki-kb/data/raw/中国民主同盟/2020-03-07_夜听 _ 谁在担当_c59d7c70fff1.md
按类型抽检:文化作品/展示传播,4984,中国民主同盟,2020-03-28,夜听丨 为胜利而歌：《拥抱春天》,文化作品/展示传播,95,夜听,,,,,/Users/cheer/Documents/mllm-wiki-kb/data/raw/中国民主同盟/2020-03-28_夜听丨 为胜利而歌：《拥抱春天》_d2a2c11023ce.md
按类型抽检:文化作品/展示传播,4995,中国民主同盟,2020-04-24,夜听丨为了春天,文化作品/展示传播,95,夜听,,,,,/Users/cheer/Documents/mllm-wiki-kb/data/raw/中国民主同盟/2020-04-24_夜听丨为了春天_c5a3669c2999.md
按类型抽检:文化作品/展示传播,5025,中国民主同盟,2020-07-10,夜听丨诗歌朗诵《观白公馆有感》,文化作品/展示传播,95,夜听,组织建设,,,,/Users/cheer/Documents/mllm-wiki-kb/data/raw/中国民主同盟/2020-07-10_夜听丨诗歌朗诵《观白公馆有感》_886776cb56a0.md
按类型抽检:文化作品/展示传播,9289,群言杂志,2020-11-27,迟子建：故乡是文学永恒的根,文化作品/展示传播,58,笔下,上海民盟,,,,/Users/cheer/Documents/mllm-wiki-kb/data/raw/群言杂志/2020-11-27_迟子建：故乡是文学永恒的根_2352d0bb79de.md
按类型抽检:文化作品/展示传播,5642,中国民主同盟,2021-03-20,我和我的民盟 | 特园传来重庆盟员的深情祝福！,文化作品/展示传播,95,我和我的民盟,80周年,,,,/Users/cheer/Documents/mllm-wiki-kb/data/raw/中国民主同盟/2021-03-20_我和我的民盟 _ 特园传来重庆盟员的深情祝福！_0712542e4ab3.md
按类型抽检:文化作品/展示传播,8680,群言杂志,2021-06-03,共庆民盟80年 • 人物｜砚田观影：民盟美术家小记,文化作品/展示传播,95,美术家,,,,,/Users/cheer/Documents/mllm-wiki-kb/data/raw/群言杂志/2021-06-03_共庆民盟80年 • 人物｜砚田观影：民盟美术家小记_e3480c7bce44.md
按类型抽检:文化作品/展示传播,8879,群言杂志,2021-12-06,寥寥几笔，跃然纸上——丁聪先生笔下的《群言》作者,文化作品/展示传播,95,笔下,,,,,/Users/cheer/Documents/mllm-wiki-kb/data/raw/群言杂志/2021-12-06_寥寥几笔，跃然纸上——丁聪先生笔下的《群言》作者_f2833f001e36.md
按类型抽检:文化作品/展示传播,4853,中国民主同盟,2022-11-17,喜庆二十大 携手新征程——民盟盟员书画作品线上展（绘画篇）,文化作品/展示传播,95,书画作品、线上展,,,,,/Users/cheer/Documents/mllm-wiki-kb/data/raw/中国民主同盟/2022-11-17_喜庆二十大 携手新征程——民盟盟员书画作品线上展（绘画篇）_a96ec7e513f7.md
按类型抽检:文化作品/展示传播,4626,中国民主同盟,2024-12-30,凝聚民盟力量 献礼新时代 共绘新蓝图,文化作品/展示传播,66,盟员美术、美术家,参政议政,,,,/Users/cheer/Documents/mllm-wiki-kb/data/raw/中国民主同盟/2024-12-30_凝聚民盟力量 献礼新时代 共绘新蓝图_85b0b0500891.md
按类型抽检:文史纪念,3404,中国民主同盟,2014-11-19,【艺苑来风】开渠百年——纪念刘开渠诞辰110周年展在国家博物馆举行,文史纪念,95,纪念,上海民盟、80周年、参政议政、宣传写作,,,,/Users/cheer/Documents/mllm-wiki-kb/data/raw/中国民主同盟/2014-11-19_【艺苑来风】开渠百年——纪念刘开渠诞辰110周年展在国家博物馆举行_46807504fc12.md
按类型抽检:文史纪念,8504,群言杂志,2016-06-30,【盟史寻踪】玄武泛舟话先贤,文史纪念,95,盟史、先贤、李闻,民盟史、上海民盟、参政议政、组织建设、宣传写作,,,,/Users/cheer/Documents/mllm-wiki-kb/data/raw/群言杂志/2016-06-30_【盟史寻踪】玄武泛舟话先贤_7e74c4261ef1.md
按类型抽检:文史纪念,7186,中国民主同盟,2016-11-18,盟史纵览 | 一支重要的中间力量：在重庆和谈中发挥作用,文史纪念,82,盟史,民盟史,,,,/Users/cheer/Documents/mllm-wiki-kb/data/raw/中国民主同盟/2016-11-18_盟史纵览 _ 一支重要的中间力量：在重庆和谈中发挥作用_60b03774361a.md
按类型抽检:文史纪念,3100,中国民主同盟,2017-04-01,《史良》连载30 | 政治立场坚定，拒绝宋美龄的拉拢,文史纪念,95,《史良》连载,上海民盟、宣传写作,,,,/Users/cheer/Documents/mllm-wiki-kb/data/raw/中国民主同盟/2017-04-01_《史良》连载30 _ 政治立场坚定，拒绝宋美龄的拉拢_ad540a820a4b.md
按类型抽检:文史纪念,968,上海民盟,2017-10-31,南陈北张——和陈独秀、李大钊同为中共创始人的民盟先贤,文史纪念,95,先贤,民盟史、上海民盟,,,,/Users/cheer/Documents/mllm-wiki-kb/data/raw/上海民盟/2017-10-31_南陈北张——和陈独秀、李大钊同为中共创始人的民盟先贤_9a9f2ed96230.md
按类型抽检:文史纪念,6873,中国民主同盟,2018-03-20,民盟知识问答，快来对答案吧~,文史纪念,74,纪念、旧政协、五一口号,民盟史、上海民盟、参政议政,,,,/Users/cheer/Documents/mllm-wiki-kb/data/raw/中国民主同盟/2018-03-20_民盟知识问答，快来对答案吧~_370f9cbf6536.md
按类型抽检:文史纪念,3620,中国民主同盟,2018-04-28,丁仲礼主席在纪念中共中央发布“五一口号”70周年座谈会上的发言,文史纪念,95,纪念、新政协、五一口号,民盟史、参政议政,,,,/Users/cheer/Documents/mllm-wiki-kb/data/raw/中国民主同盟/2018-04-28_丁仲礼主席在纪念中共中央发布“五一口号”70周年座谈会上的发言_29566ddc2224.md
按类型抽检:文史纪念,6681,中国民主同盟,2018-05-09,民盟各级组织隆重纪念中共中央发布“五一口号”70周年（六）,文史纪念,95,纪念、五一口号,民盟史、参政议政、组织建设,,,,/Users/cheer/Documents/mllm-wiki-kb/data/raw/中国民主同盟/2018-05-09_民盟各级组织隆重纪念中共中央发布“五一口号”70周年（六）_493c2d8d2acb.md
按类型抽检:文史纪念,717,上海民盟,2019-08-07,今天，纪念潘光旦诞辰120周年座谈研讨会在他的家乡举行,文史纪念,95,纪念、先贤,上海民盟、参政议政、主题教育、宣传写作,,,,/Users/cheer/Documents/mllm-wiki-kb/data/raw/上海民盟/2019-08-07_今天，纪念潘光旦诞辰120周年座谈研讨会在他的家乡举行_1bf4e6f56977.md
按类型抽检:文史纪念,7184,中国民主同盟,2020-07-25,盟史上的今天丨1950年7月25日，《盟讯》创刊！,文史纪念,82,盟史,民盟史、参政议政、社会服务、宣传写作,,,,/Users/cheer/Documents/mllm-wiki-kb/data/raw/中国民主同盟/2020-07-25_盟史上的今天丨1950年7月25日，《盟讯》创刊！_840ef1a4e7d8.md
按类型抽检:文史纪念,6104,中国民主同盟,2021-03-03,民盟80年•口述盟史 丨系列纪录片——盟事​（先导片）,文史纪念,82,盟史,民盟史、80周年、宣传写作,,,,/Users/cheer/Documents/mllm-wiki-kb/data/raw/中国民主同盟/2021-03-03_民盟80年•口述盟史 丨系列纪录片——盟事​（先导片）_ec641d14a6d5.md
按类型抽检:文史纪念,389,上海民盟,2021-09-07,上影盟员“全员出动”，用声音献礼，致敬先贤！,文史纪念,90,纪念、先贤,民盟史、上海民盟、80周年、主题教育、组织建设、宣传写作,,,,/Users/cheer/Documents/mllm-wiki-kb/data/raw/上海民盟/2021-09-07_上影盟员“全员出动”，用声音献礼，致敬先贤！_539f80cd60f3.md
按类型抽检:文史纪念,7503,中国民主同盟,2021-10-01,程红副主席出席没有共产党就没有新中国纪念馆“民盟传统教育基地”揭牌仪式暨中共党史学习教育现场教学活动,文史纪念,95,盟史、纪念、传统教育基地,民盟史、80周年、参政议政、组织建设、社会服务、宣传写作,,,,/Users/cheer/Documents/mllm-wiki-kb/data/raw/中国民主同盟/2021-10-01_程红副主席出席没有共产党就没有新中国纪念馆“民盟传统教育基地”揭牌仪式暨中共党史学习教育现场教学活动_b56635346859.md
按类型抽检:文史纪念,658,上海民盟,2022-08-12,书签上的民盟味道，手绘中的民盟史迹,文史纪念,95,盟史、纪念、传统教育基地,民盟史、上海民盟、主题教育、组织建设,,,,/Users/cheer/Documents/mllm-wiki-kb/data/raw/上海民盟/2022-08-12_书签上的民盟味道，手绘中的民盟史迹_e26e3e03d39e.md
按类型抽检:文史纪念,5148,中国民主同盟,2022-12-03,学盟史，传薪火，迎接民盟十三大 | 民盟二大,文史纪念,82,盟史,民盟史、组织建设,,,,/Users/cheer/Documents/mllm-wiki-kb/data/raw/中国民主同盟/2022-12-03_学盟史，传薪火，迎接民盟十三大 _ 民盟二大_3f867185b539.md
按类型抽检:文史纪念,2910,中国民主同盟,2023-04-28,【“五一口号”75周年】成岳冲：与党永同心 奋进新征程,文史纪念,95,纪念、五一口号,民盟史、参政议政,,,,/Users/cheer/Documents/mllm-wiki-kb/data/raw/中国民主同盟/2023-04-28_【“五一口号”75周年】成岳冲：与党永同心 奋进新征程_659c65f96d7e.md
按类型抽检:文史纪念,2308,上海民盟,2023-07-18,虹口盟员杨洁：忆往昔薪火相传，守初心踔厉奋发,文史纪念,82,纪念、先贤、新政协、五一口号,民盟史、上海民盟、参政议政、主题教育、组织建设,,,,/Users/cheer/Documents/mllm-wiki-kb/data/raw/上海民盟/2023-07-18_虹口盟员杨洁：忆往昔薪火相传，守初心踔厉奋发_1fcdd4debf0b.md
按类型抽检:文史纪念,3960,中国民主同盟,2024-08-22,习近平：在纪念邓小平同志诞辰120周年座谈会上的讲话,文史纪念,95,纪念,,,,,/Users/cheer/Documents/mllm-wiki-kb/data/raw/中国民主同盟/2024-08-22_习近平：在纪念邓小平同志诞辰120周年座谈会上的讲话_5387d917d67c.md
按类型抽检:文史纪念,6523,中国民主同盟,2025-06-04,民盟传统教育基地巡礼丨沈钧儒纪念馆,文史纪念,95,纪念、先贤、传统教育基地,民盟史、上海民盟、参政议政,,,,/Users/cheer/Documents/mllm-wiki-kb/data/raw/中国民主同盟/2025-06-04_民盟传统教育基地巡礼丨沈钧儒纪念馆_250966f80c80.md
按类型抽检:文史纪念,7044,中国民主同盟,2025-09-08,王光谦出席民盟先贤肖像巡回展暨民盟百场爱国主义教育宣讲活动,文史纪念,95,纪念、先贤,民盟史、80周年、参政议政,,,,/Users/cheer/Documents/mllm-wiki-kb/data/raw/中国民主同盟/2025-09-08_王光谦出席民盟先贤肖像巡回展暨民盟百场爱国主义教育宣讲活动_2246b6bf59f9.md
按类型抽检:活动报道,3417,中国民主同盟,2014-04-25,【要闻】张宝文主席、陈晓光常务副主席调研“大学生就业、创业政策优化”问题,活动报道,90,参观、调研,参政议政,,,,/Users/cheer/Documents/mllm-wiki-kb/data/raw/中国民主同盟/2014-04-25_【要闻】张宝文主席、陈晓光常务副主席调研“大学生就业、创业政策优化”问题_bd1513ea60ef.md
按类型抽检:活动报道,318,上海民盟,2016-04-29,【要闻】民盟中央与上海社科院联合举行经济形势分析会,活动报道,82,举行,上海民盟、参政议政,,,,/Users/cheer/Documents/mllm-wiki-kb/data/raw/上海民盟/2016-04-29_【要闻】民盟中央与上海社科院联合举行经济形势分析会_1c3edc924ac3.md
按类型抽检:活动报道,311,上海民盟,2016-09-10,【艺术交流】上海民盟书画院赴厦门、泉州开展交流活动,活动报道,95,活动、举行、举办、开展、调研,上海民盟、参政议政、组织建设、社会服务、宣传写作,,,,/Users/cheer/Documents/mllm-wiki-kb/data/raw/上海民盟/2016-09-10_【艺术交流】上海民盟书画院赴厦门、泉州开展交流活动_2d26bfb4fc5f.md
按类型抽检:活动报道,1882,上海民盟,2017-02-20,民盟静安区委举办庆元宵茶话会,活动报道,95,活动、举行、举办,民盟史、上海民盟、参政议政、组织建设、社会服务,,,,/Users/cheer/Documents/mllm-wiki-kb/data/raw/上海民盟/2017-02-20_民盟静安区委举办庆元宵茶话会_b8a5362e4670.md
按类型抽检:活动报道,8883,群言杂志,2017-09-15,寻访北门书屋,活动报道,66,活动、走进,,,,,/Users/cheer/Documents/mllm-wiki-kb/data/raw/群言杂志/2017-09-15_寻访北门书屋_2d37e154cda0.md
按类型抽检:活动报道,1949,上海民盟,2018-07-17,炎炎烈日下，专项民主监督火热进行时,活动报道,74,开展、启动、调研,上海民盟、参政议政,,,,/Users/cheer/Documents/mllm-wiki-kb/data/raw/上海民盟/2018-07-17_炎炎烈日下，专项民主监督火热进行时_83152016a036.md
按类型抽检:活动报道,5336,中国民主同盟,2019-05-13,张平副主席出席民盟中央美术院庆祝中华人民共和国成立70周年暨“生态长江•大美三峡”采风活动启动仪式,活动报道,95,活动、举行、启动,参政议政、宣传写作,,,,/Users/cheer/Documents/mllm-wiki-kb/data/raw/中国民主同盟/2019-05-13_张平副主席出席民盟中央美术院庆祝中华人民共和国成立70周年暨“生态长江•大美三峡”采风活动启动仪式_cf15f193d3be.md
按类型抽检:活动报道,716,上海民盟,2019-10-26,今天，百余位盟员律师在全市各区进行义务法律咨询,活动报道,82,活动、举办、开展、讲座,上海民盟、主题教育、社会服务、宣传写作,,,,/Users/cheer/Documents/mllm-wiki-kb/data/raw/上海民盟/2019-10-26_今天，百余位盟员律师在全市各区进行义务法律咨询_b28858b8dab1.md
按类型抽检:活动报道,5842,中国民主同盟,2020-06-22,新冠肺炎康复后，98岁的天文学家韩天芑给武大毕业生写下这封信,活动报道,58,举行,宣传写作,,,,/Users/cheer/Documents/mllm-wiki-kb/data/raw/中国民主同盟/2020-06-22_新冠肺炎康复后，98岁的天文学家韩天芑给武大毕业生写下这封信_fe91834bd6f3.md
按类型抽检:活动报道,351,上海民盟,2020-12-05,“追求美是人生永恒的修炼”,活动报道,82,活动、举行、调研、讲座,上海民盟、参政议政、组织建设、社会服务,,,,/Users/cheer/Documents/mllm-wiki-kb/data/raw/上海民盟/2020-12-05_“追求美是人生永恒的修炼”_a521f86b2feb.md
按类型抽检:活动报道,1556,上海民盟,2021-06-12,欢庆华诞！民盟市委举行庆祝建党百年、纪念建盟八十周年大会,活动报道,90,举行、开展,上海民盟、80周年、参政议政、组织建设、宣传写作,,,,/Users/cheer/Documents/mllm-wiki-kb/data/raw/上海民盟/2021-06-12_欢庆华诞！民盟市委举行庆祝建党百年、纪念建盟八十周年大会_e3fe683fcb0c.md
按类型抽检:活动报道,1659,上海民盟,2021-11-11,民盟专业人士参与市人大信访工作正式启动,活动报道,95,举行、开展、走进、启动、调研,上海民盟、参政议政、社会服务、宣传写作,,,,/Users/cheer/Documents/mllm-wiki-kb/data/raw/上海民盟/2021-11-11_民盟专业人士参与市人大信访工作正式启动_d79f08c560c5.md
按类型抽检:活动报道,7856,中国民主同盟,2022-08-26,谢经荣副主席出席民盟中央美术院、鲁商联盟会捐赠仪式,活动报道,66,活动、举行,社会服务、宣传写作,,,,/Users/cheer/Documents/mllm-wiki-kb/data/raw/中国民主同盟/2022-08-26_谢经荣副主席出席民盟中央美术院、鲁商联盟会捐赠仪式_664e168fb3ee.md
按类型抽检:活动报道,7073,中国民主同盟,2023-03-17,王光谦常务副主席接见中央社院第47期民主党派干部进修班、48期民主党派干部培训班民盟学员,活动报道,95,活动、开展、参观、培训班,参政议政、组织建设、社会服务,,,,/Users/cheer/Documents/mllm-wiki-kb/data/raw/中国民主同盟/2023-03-17_王光谦常务副主席接见中央社院第47期民主党派干部进修班、48期民主党派干部培训班民盟学员_861225bfb924.md
按类型抽检:活动报道,4161,中国民主同盟,2023-08-24,俞泽猷同志遗体告别仪式在北京八宝山革命公墓举行,活动报道,82,举行,参政议政,,,,/Users/cheer/Documents/mllm-wiki-kb/data/raw/中国民主同盟/2023-08-24_俞泽猷同志遗体告别仪式在北京八宝山革命公墓举行_3a6f0629004d.md
按类型抽检:活动报道,1,上海民盟,2024-04-15,100+企业，1000+岗位！民盟企业家“走进虹口”招聘活动等你来！,活动报道,95,活动、举行、走进,上海民盟,,,,/Users/cheer/Documents/mllm-wiki-kb/data/raw/上海民盟/2024-04-15_100+企业，1000+岗位！民盟企业家“走进虹口”招聘活动等你来！_1aa6e0eeac75.md
按类型抽检:活动报道,9359,群言杂志,2024-08-27,高等教育发展的中国范式,活动报道,58,活动,上海民盟、社会服务,,,,/Users/cheer/Documents/mllm-wiki-kb/data/raw/群言杂志/2024-08-27_高等教育发展的中国范式_26ca406e6dff.md
按类型抽检:活动报道,6630,中国民主同盟,2025-03-07,民盟十三届十次中常会在京举行,活动报道,95,活动、举行、开展、调研,民盟史、参政议政、社会服务、宣传写作,,,,/Users/cheer/Documents/mllm-wiki-kb/data/raw/中国民主同盟/2025-03-07_民盟十三届十次中常会在京举行_39bf27a5b55a.md
按类型抽检:活动报道,7845,中国民主同盟,2025-07-29,谢经荣出席统一战线定点（对口）帮扶县中小学校长培训班（深圳）开班仪式,活动报道,90,举行、培训班,社会服务,,,,/Users/cheer/Documents/mllm-wiki-kb/data/raw/中国民主同盟/2025-07-29_谢经荣出席统一战线定点（对口）帮扶县中小学校长培训班（深圳）开班仪式_9957a572b9e1.md
按类型抽检:活动报道,9052,群言杂志,2025-12-24,林成华 张维佳：深化我国高校学科交叉平台建设,活动报道,74,活动、启动、调研,,,,,/Users/cheer/Documents/mllm-wiki-kb/data/raw/群言杂志/2025-12-24_林成华 张维佳：深化我国高校学科交叉平台建设_1334988d1f3f.md
按类型抽检:盟史研究,9037,群言杂志,2016-03-02,李乔：研究造神史有助于解放人的心灵,盟史研究,74,史料、史实、历史资料,,,,,/Users/cheer/Documents/mllm-wiki-kb/data/raw/群言杂志/2016-03-02_李乔：研究造神史有助于解放人的心灵_d0fa5b48b982.md
按类型抽检:盟史研究,8648,群言杂志,2016-07-29,任继愈：文化遗产的寿命,盟史研究,58,史实,,,,,/Users/cheer/Documents/mllm-wiki-kb/data/raw/群言杂志/2016-07-29_任继愈：文化遗产的寿命_fd7c22c7a1ca.md
按类型抽检:盟史研究,9199,群言杂志,2016-10-14,练练耳功,盟史研究,58,史料,,,,,/Users/cheer/Documents/mllm-wiki-kb/data/raw/群言杂志/2016-10-14_练练耳功_ad37bd59c647.md
按类型抽检:盟史研究,3081,中国民主同盟,2016-11-24,《史良》1：清贫的家庭与艰辛的童年之常州史家 | 民盟历史文献系列丛书连载,盟史研究,82,民盟历史,民盟史、上海民盟、宣传写作,,,,/Users/cheer/Documents/mllm-wiki-kb/data/raw/中国民主同盟/2016-11-24_《史良》1：清贫的家庭与艰辛的童年之常州史家 _ 民盟历史文献系列丛书连载_ef82a399f371.md
按类型抽检:盟史研究,3083,中国民主同盟,2016-11-25,《史良》2：清贫的家庭与艰辛的童年之常州史家 | 民盟历史文献系列丛书连载,盟史研究,82,民盟历史,,,,,/Users/cheer/Documents/mllm-wiki-kb/data/raw/中国民主同盟/2016-11-25_《史良》2：清贫的家庭与艰辛的童年之常州史家 _ 民盟历史文献系列丛书连载_c88ec72ddc28.md
按类型抽检:盟史研究,3084,中国民主同盟,2016-11-30,《史良》3：清贫的家庭与艰辛的童年之艰辛童年| 民盟历史文献系列丛书连载,盟史研究,82,民盟历史,,,,,/Users/cheer/Documents/mllm-wiki-kb/data/raw/中国民主同盟/2016-11-30_《史良》3：清贫的家庭与艰辛的童年之艰辛童年_ 民盟历史文献系列丛书连载_c0fafe64f28c.md
按类型抽检:盟史研究,3085,中国民主同盟,2016-12-01,《史良》4：清贫的家庭与艰辛的童年之艰辛童年| 民盟历史文献系列丛书连载,盟史研究,82,民盟历史,,,,,/Users/cheer/Documents/mllm-wiki-kb/data/raw/中国民主同盟/2016-12-01_《史良》4：清贫的家庭与艰辛的童年之艰辛童年_ 民盟历史文献系列丛书连载_b90b5bf595b3.md
按类型抽检:盟史研究,3086,中国民主同盟,2016-12-12,《史良》5：清贫的家庭与艰辛的童年之艰辛童年| 民盟历史文献系列丛书连载,盟史研究,82,民盟历史,,,,,/Users/cheer/Documents/mllm-wiki-kb/data/raw/中国民主同盟/2016-12-12_《史良》5：清贫的家庭与艰辛的童年之艰辛童年_ 民盟历史文献系列丛书连载_46cf72e3293c.md
按类型抽检:盟史研究,3087,中国民主同盟,2016-12-20,《史良》6：清贫的家庭与艰辛的童年之艰辛童年| 民盟历史文献系列丛书连载,盟史研究,82,民盟历史,上海民盟、宣传写作,,,,/Users/cheer/Documents/mllm-wiki-kb/data/raw/中国民主同盟/2016-12-20_《史良》6：清贫的家庭与艰辛的童年之艰辛童年_ 民盟历史文献系列丛书连载_1b9e4e21cd59.md
按类型抽检:盟史研究,3089,中国民主同盟,2016-12-23,《史良》8：清贫的家庭与艰辛的童年之艰辛童年| 民盟历史文献系列丛书连载,盟史研究,82,民盟历史,上海民盟、宣传写作,,,,/Users/cheer/Documents/mllm-wiki-kb/data/raw/中国民主同盟/2016-12-23_《史良》8：清贫的家庭与艰辛的童年之艰辛童年_ 民盟历史文献系列丛书连载_2713791e6991.md
按类型抽检:盟史研究,3090,中国民主同盟,2016-12-27,《史良》9：清贫的家庭与艰辛的童年之艰辛童年| 民盟历史文献系列丛书连载,盟史研究,82,民盟历史,上海民盟,,,,/Users/cheer/Documents/mllm-wiki-kb/data/raw/中国民主同盟/2016-12-27_《史良》9：清贫的家庭与艰辛的童年之艰辛童年_ 民盟历史文献系列丛书连载_4581eff0c78b.md
按类型抽检:盟史研究,3071,中国民主同盟,2016-12-28,《史良》10：正直的女律师 | 民盟历史文献系列丛书连载,盟史研究,82,民盟历史,上海民盟、宣传写作,,,,/Users/cheer/Documents/mllm-wiki-kb/data/raw/中国民主同盟/2016-12-28_《史良》10：正直的女律师 _ 民盟历史文献系列丛书连载_d742d39ee888.md
按类型抽检:盟史研究,3072,中国民主同盟,2017-01-04,《史良》11：踏入社会遭遇坎坷 | 民盟历史文献系列丛书连载,盟史研究,82,民盟历史,上海民盟,,,,/Users/cheer/Documents/mllm-wiki-kb/data/raw/中国民主同盟/2017-01-04_《史良》11：踏入社会遭遇坎坷 _ 民盟历史文献系列丛书连载_df0c5bd098d2.md
按类型抽检:盟史研究,3074,中国民主同盟,2017-01-10,《史良》13：营救艾芜、熊瑾玎和贺龙家属 | 民盟历史文献系列丛书连载,盟史研究,82,民盟历史,上海民盟、组织建设,,,,/Users/cheer/Documents/mllm-wiki-kb/data/raw/中国民主同盟/2017-01-10_《史良》13：营救艾芜、熊瑾玎和贺龙家属 _ 民盟历史文献系列丛书连载_578cb59c4eec.md
按类型抽检:盟史研究,3075,中国民主同盟,2017-01-16,《史良》14：营救邓中夏 | 民盟历史文献系列丛书连载,盟史研究,82,民盟历史,上海民盟、宣传写作,,,,/Users/cheer/Documents/mllm-wiki-kb/data/raw/中国民主同盟/2017-01-16_《史良》14：营救邓中夏 _ 民盟历史文献系列丛书连载_9544d7ec5b76.md
按类型抽检:盟史研究,3076,中国民主同盟,2017-02-09,《史良》15：营救任白戈 | 民盟历史文献系列丛书连载,盟史研究,82,民盟历史,上海民盟,,,,/Users/cheer/Documents/mllm-wiki-kb/data/raw/中国民主同盟/2017-02-09_《史良》15：营救任白戈 _ 民盟历史文献系列丛书连载_3e748aa1d6ce.md
按类型抽检:盟史研究,3077,中国民主同盟,2017-02-13,《史良》16：发起成立上海第一个救国团体 | 民盟历史文献系列丛书连载,盟史研究,82,民盟历史,上海民盟、宣传写作,,,,/Users/cheer/Documents/mllm-wiki-kb/data/raw/中国民主同盟/2017-02-13_《史良》16：发起成立上海第一个救国团体 _ 民盟历史文献系列丛书连载_ec74966a34e0.md
按类型抽检:盟史研究,3079,中国民主同盟,2017-02-15,《史良》18：逮捕入狱，从容不迫 | 民盟历史文献系列丛书连载,盟史研究,82,民盟历史,上海民盟、宣传写作,,,,/Users/cheer/Documents/mllm-wiki-kb/data/raw/中国民主同盟/2017-02-15_《史良》18：逮捕入狱，从容不迫 _ 民盟历史文献系列丛书连载_9f975fd1bfa7.md
按类型抽检:盟史研究,3080,中国民主同盟,2017-02-16,《史良》19：自动投案，患难与共 | 民盟历史文献系列丛书连载,盟史研究,82,民盟历史,上海民盟、宣传写作,,,,/Users/cheer/Documents/mllm-wiki-kb/data/raw/中国民主同盟/2017-02-16_《史良》19：自动投案，患难与共 _ 民盟历史文献系列丛书连载_481144a8f4f9.md
按类型抽检:盟史研究,3082,中国民主同盟,2017-02-27,《史良》20：法庭上面对面申辩，法庭下反诱降斗争 | 民盟历史文献系列丛书连载,盟史研究,82,民盟历史,上海民盟、宣传写作,,,,/Users/cheer/Documents/mllm-wiki-kb/data/raw/中国民主同盟/2017-02-27_《史良》20：法庭上面对面申辩，法庭下反诱降斗争 _ 民盟历史文献系列丛书连载_8896c0eccaf4.md
按类型抽检:盟员履职/成果荣誉,7056,中国民主同盟,2014-03-09,王光谦委员：使农民真正享受到改革的成果,盟员履职/成果荣誉,95,获得、获、成果,参政议政,,,,/Users/cheer/Documents/mllm-wiki-kb/data/raw/中国民主同盟/2014-03-09_王光谦委员：使农民真正享受到改革的成果_2d5ec113eda5.md
按类型抽检:盟员履职/成果荣誉,6039,中国民主同盟,2016-08-01,毕业寄语 | 华中农业大学校长邓秀新：不断成长、不断学习、不断奉献,盟员履职/成果荣誉,74,祝贺、获、院士,,,,,/Users/cheer/Documents/mllm-wiki-kb/data/raw/中国民主同盟/2016-08-01_毕业寄语 _ 华中农业大学校长邓秀新：不断成长、不断学习、不断奉献_2f1f5b4d064b.md
按类型抽检:盟员履职/成果荣誉,5597,中国民主同盟,2017-05-04,恭贺 | 6名盟员荣获2017年度全国五一劳动奖章,盟员履职/成果荣誉,95,荣获、获得、获、表彰、五一劳动奖章,上海民盟,,,,/Users/cheer/Documents/mllm-wiki-kb/data/raw/中国民主同盟/2017-05-04_恭贺 _ 6名盟员荣获2017年度全国五一劳动奖章_81dede30a660.md
按类型抽检:盟员履职/成果荣誉,6454,中国民主同盟,2017-10-19,民盟中央热烈祝贺中共十九大胜利召开！,盟员履职/成果荣誉,95,祝贺,参政议政,,,,/Users/cheer/Documents/mllm-wiki-kb/data/raw/中国民主同盟/2017-10-19_民盟中央热烈祝贺中共十九大胜利召开！_396278918ffe.md
按类型抽检:盟员履职/成果荣誉,8728,群言杂志,2018-04-03,别让导师“有权就任性”,盟员履职/成果荣誉,74,获得、获、成果,宣传写作,,,,/Users/cheer/Documents/mllm-wiki-kb/data/raw/群言杂志/2018-04-03_别让导师“有权就任性”_a3f5e6e3ccc5.md
按类型抽检:盟员履职/成果荣誉,7437,中国民主同盟,2019-01-15,祝贺！39名民盟盟员荣获2018年度国家科技奖励,盟员履职/成果荣誉,95,祝贺、荣获、获、获奖、表彰、科学技术奖,,,,,/Users/cheer/Documents/mllm-wiki-kb/data/raw/中国民主同盟/2019-01-15_祝贺！39名民盟盟员荣获2018年度国家科技奖励_57b6a67792c6.md
按类型抽检:盟员履职/成果荣誉,2265,上海民盟,2019-10-01,致敬！95位上海盟员荣获“庆祝中华人民共和国成立70周年”纪念章,盟员履职/成果荣誉,95,荣获、获得、获、获颁、表彰,上海民盟、80周年、参政议政、主题教育、组织建设,,,,/Users/cheer/Documents/mllm-wiki-kb/data/raw/上海民盟/2019-10-01_致敬！95位上海盟员荣获“庆祝中华人民共和国成立70周年”纪念章_dc88f1633b68.md
按类型抽检:盟员履职/成果荣誉,9330,群言杂志,2020-04-10,陈亮：民法典健全数据参与分配机制的路径选择,盟员履职/成果荣誉,66,获得、获,,,,,/Users/cheer/Documents/mllm-wiki-kb/data/raw/群言杂志/2020-04-10_陈亮：民法典健全数据参与分配机制的路径选择_7c1478fef80e.md
按类型抽检:盟员履职/成果荣誉,2057,上海民盟,2020-12-04,破例重发，是因为一个都不能少！,盟员履职/成果荣誉,90,祝贺、荣获、获得、获、表彰,上海民盟,,,,/Users/cheer/Documents/mllm-wiki-kb/data/raw/上海民盟/2020-12-04_破例重发，是因为一个都不能少！_ffc5b1fc65ac.md
按类型抽检:盟员履职/成果荣誉,1734,上海民盟,2021-05-28,民盟宝山区委召开第八次代表大会，王勇当选新一届主委,盟员履职/成果荣誉,95,祝贺、当选,上海民盟、参政议政、组织建设、社会服务,,,,/Users/cheer/Documents/mllm-wiki-kb/data/raw/上海民盟/2021-05-28_民盟宝山区委召开第八次代表大会，王勇当选新一届主委_246619d90e6f.md
按类型抽检:盟员履职/成果荣誉,4701,中国民主同盟,2022-01-29,卢传坚提案获评“全国政协2021年度好提案”,盟员履职/成果荣誉,95,获、获评、成果、团队、院士,参政议政,,,,/Users/cheer/Documents/mllm-wiki-kb/data/raw/中国民主同盟/2022-01-29_卢传坚提案获评“全国政协2021年度好提案”_bb80289e3d95.md
按类型抽检:盟员履职/成果荣誉,3870,中国民主同盟,2022-07-18,中国民主同盟北京市第十三次代表大会召开 丁仲礼、游钧致贺词 程红当选主委,盟员履职/成果荣誉,95,获、当选、科学技术奖,参政议政,,,,/Users/cheer/Documents/mllm-wiki-kb/data/raw/中国民主同盟/2022-07-18_中国民主同盟北京市第十三次代表大会召开 丁仲礼、游钧致贺词 程红当选主委_56305af4c7dc.md
按类型抽检:盟员履职/成果荣誉,6591,中国民主同盟,2022-12-18,民盟十三大·代表风采 | 史琳：创新实干担盟务，倾情育人好园丁,盟员履职/成果荣誉,95,获得、获、表彰、入选、成果、团队,民盟史、上海民盟、参政议政、组织建设、宣传写作,,,,/Users/cheer/Documents/mllm-wiki-kb/data/raw/中国民主同盟/2022-12-18_民盟十三大·代表风采 _ 史琳：创新实干担盟务，倾情育人好园丁_241d7cf91f58.md
按类型抽检:盟员履职/成果荣誉,9244,群言杂志,2023-03-22,让化石告诉我们地球生命的前世今生,盟员履职/成果荣誉,58,团队,,,,,/Users/cheer/Documents/mllm-wiki-kb/data/raw/群言杂志/2023-03-22_让化石告诉我们地球生命的前世今生_4e95af8c7c40.md
按类型抽检:盟员履职/成果荣誉,8828,群言杂志,2023-08-30,大家谈｜厉震林：乡村题材电影的“四个发现”,盟员履职/成果荣誉,74,荣获、获得、获,上海民盟,,,,/Users/cheer/Documents/mllm-wiki-kb/data/raw/群言杂志/2023-08-30_大家谈｜厉震林：乡村题材电影的“四个发现”_2989ff3f75d7.md
按类型抽检:盟员履职/成果荣誉,2846,中国民主同盟,2024-03-04,2023年度“全国政协委员优秀履职奖”获奖委员张福成：国家需要就是责任所在,盟员履职/成果荣誉,95,荣获、获得、获、获奖、当选、入选、团队、院士,参政议政,,,,/Users/cheer/Documents/mllm-wiki-kb/data/raw/中国民主同盟/2024-03-04_2023年度“全国政协委员优秀履职奖”获奖委员张福成：国家需要就是责任所在_4af9e1ff3e7e.md
按类型抽检:盟员履职/成果荣誉,4606,中国民主同盟,2024-08-12,典型在身边丨魏芙：16年前，带着“海派秧歌”走上奥运舞台,盟员履职/成果荣誉,95,获得、获、团队、典型在身边,上海民盟、组织建设,,,,/Users/cheer/Documents/mllm-wiki-kb/data/raw/中国民主同盟/2024-08-12_典型在身边丨魏芙：16年前，带着“海派秧歌”走上奥运舞台_2f8bfe3c6f5d.md
按类型抽检:盟员履职/成果荣誉,7818,中国民主同盟,2025-02-12,让中国数学涌动创新活力——《瞭望》专访民盟中央副主席、中国科学院院士、北京大学讲席教授田刚,盟员履职/成果荣誉,90,成果、院士,上海民盟,,,,/Users/cheer/Documents/mllm-wiki-kb/data/raw/中国民主同盟/2025-02-12_让中国数学涌动创新活力——《瞭望》专访民盟中央副主席、中国科学院院士、北京大学讲席教授田刚_db1ea6cdac00.md
按类型抽检:盟员履职/成果荣誉,2892,中国民主同盟,2025-08-15,80年前的今天，日本投降了！,盟员履职/成果荣誉,58,获,上海民盟,,,,/Users/cheer/Documents/mllm-wiki-kb/data/raw/中国民主同盟/2025-08-15_80年前的今天，日本投降了！_b4ee1ebb0911.md
按类型抽检:盟员履职/成果荣誉,9349,群言杂志,2026-01-30,顾平：论“逍遥山水”的人文情怀与现实意义,盟员履职/成果荣誉,66,获得、获,,,,,/Users/cheer/Documents/mllm-wiki-kb/data/raw/群言杂志/2026-01-30_顾平：论“逍遥山水”的人文情怀与现实意义_32455d0cce33.md
按类型抽检:社会服务,3358,中国民主同盟,2014-05-15,【群言文萃】与改革同行,社会服务,74,社会服务、烛光行动、医疗,参政议政、组织建设、社会服务、宣传写作,,,,/Users/cheer/Documents/mllm-wiki-kb/data/raw/中国民主同盟/2014-05-15_【群言文萃】与改革同行_38543cfb7f69.md
按类型抽检:社会服务,1513,上海民盟,2017-02-09,春季采风 慈善帮扶,社会服务,90,帮扶、公益,上海民盟、组织建设、社会服务,,,,/Users/cheer/Documents/mllm-wiki-kb/data/raw/上海民盟/2017-02-09_春季采风 慈善帮扶_dc20ba279df7.md
按类型抽检:社会服务,4677,中国民主同盟,2019-03-12,医疗 | 董瑞：多渠道培养人才 完善基层公共卫生服务队伍,社会服务,90,公益、医疗,参政议政,,,,/Users/cheer/Documents/mllm-wiki-kb/data/raw/中国民主同盟/2019-03-12_医疗 _ 董瑞：多渠道培养人才 完善基层公共卫生服务队伍_7b3d0fdbde5c.md
按类型抽检:社会服务,3277,中国民主同盟,2020-02-01,【特别报道】江苏民盟一盘棋，万众一心抗疫情,社会服务,95,医疗、抗疫、驰援,民盟史、组织建设、宣传写作,,,,/Users/cheer/Documents/mllm-wiki-kb/data/raw/中国民主同盟/2020-02-01_【特别报道】江苏民盟一盘棋，万众一心抗疫情_0c441f368369.md
按类型抽检:社会服务,2921,中国民主同盟,2020-02-15,【一线日记】“小爱在苏州，大爱在武汉”——我在抗疫一线,社会服务,95,医疗、抗疫、驰援,,,,,/Users/cheer/Documents/mllm-wiki-kb/data/raw/中国民主同盟/2020-02-15_【一线日记】“小爱在苏州，大爱在武汉”——我在抗疫一线_6d5e9fa404e2.md
按类型抽检:社会服务,6709,中国民主同盟,2020-02-28,民盟在行动（十五） | “我负担小，我先上！”,社会服务,66,医疗、抗疫,宣传写作,,,,/Users/cheer/Documents/mllm-wiki-kb/data/raw/中国民主同盟/2020-02-28_民盟在行动（十五） _ “我负担小，我先上！”_c9bf7eba3644.md
按类型抽检:社会服务,7942,中国民主同盟,2020-03-10,走近民盟的白衣战士（十） | 他们是儿女，是妻子，是丈夫，是父母……,社会服务,74,医疗、抗疫、驰援,,,,,/Users/cheer/Documents/mllm-wiki-kb/data/raw/中国民主同盟/2020-03-10_走近民盟的白衣战士（十） _ 他们是儿女，是妻子，是丈夫，是父母……_331a73c2cfed.md
按类型抽检:社会服务,1443,上海民盟,2020-03-24,抗疫群英谱丨他，是奋战在武汉基层防疫的“筑城者”,社会服务,95,帮扶、医疗、抗疫,上海民盟、组织建设、社会服务,,,,/Users/cheer/Documents/mllm-wiki-kb/data/raw/上海民盟/2020-03-24_抗疫群英谱丨他，是奋战在武汉基层防疫的“筑城者”_3b7d1858b5c7.md
按类型抽检:社会服务,3992,中国民主同盟,2020-07-06,书画赠英雄 | 终于看清你的脸,社会服务,74,医疗、抗疫、驰援,宣传写作,,,,/Users/cheer/Documents/mllm-wiki-kb/data/raw/中国民主同盟/2020-07-06_书画赠英雄 _ 终于看清你的脸_84c50ffc3225.md
按类型抽检:社会服务,7727,中国民主同盟,2021-02-24,胡刚：砥砺“三牛精神” 争创一流业绩,社会服务,82,社会服务、帮扶、烛光行动、教育帮扶,80周年、参政议政、社会服务,,,,/Users/cheer/Documents/mllm-wiki-kb/data/raw/中国民主同盟/2021-02-24_胡刚：砥砺“三牛精神” 争创一流业绩_460f7898f7c2.md
按类型抽检:社会服务,5601,中国民主同盟,2021-11-05,情满为福，心暖即仙 丨 一位90后盟员作家对江西铅山抗疫一线的真实记录,社会服务,95,抗疫,,,,,/Users/cheer/Documents/mllm-wiki-kb/data/raw/中国民主同盟/2021-11-05_情满为福，心暖即仙 丨 一位90后盟员作家对江西铅山抗疫一线的真实记录_808059cf5ac7.md
按类型抽检:社会服务,955,上海民盟,2022-03-27,努力筑牢每一寸防线——复旦民盟抗疫全线实录,社会服务,95,医疗、抗疫、驰援,上海民盟,,,,/Users/cheer/Documents/mllm-wiki-kb/data/raw/上海民盟/2022-03-27_努力筑牢每一寸防线——复旦民盟抗疫全线实录_5aab22778c95.md
按类型抽检:社会服务,1382,上海民盟,2022-04-07,战“疫”有民盟丨爱心传递，为一线抗疫人员输送“粮草”和“弹药”,社会服务,95,社会服务、公益、医疗、抗疫、战“疫”、驰援,上海民盟、组织建设、社会服务,,,,/Users/cheer/Documents/mllm-wiki-kb/data/raw/上海民盟/2022-04-07_战“疫”有民盟丨爱心传递，为一线抗疫人员输送“粮草”和“弹药”_76039ba998ea.md
按类型抽检:社会服务,1361,上海民盟,2022-04-17,战“疫”有民盟丨支援前线，守护校园，来自民盟的抗疫物资送抵复旦大学,社会服务,95,公益、抗疫、战“疫”,上海民盟,,,,/Users/cheer/Documents/mllm-wiki-kb/data/raw/上海民盟/2022-04-17_战“疫”有民盟丨支援前线，守护校园，来自民盟的抗疫物资送抵复旦大学_8aeeae88727e.md
按类型抽检:社会服务,1350,上海民盟,2022-04-26,战“疫”有民盟丨彭焱：“滞留”精卫中心，坚持关怀特殊群体,社会服务,95,帮扶、黄丝带、公益、医疗、战“疫”,上海民盟、社会服务,,,,/Users/cheer/Documents/mllm-wiki-kb/data/raw/上海民盟/2022-04-26_战“疫”有民盟丨彭焱：“滞留”精卫中心，坚持关怀特殊群体_978a4b8b618c.md
按类型抽检:社会服务,1297,上海民盟,2022-05-09,战“疫”有民盟丨上海民盟书画院抗疫作品线上展（第五辑）,社会服务,95,抗疫、战“疫”,上海民盟,,,,/Users/cheer/Documents/mllm-wiki-kb/data/raw/上海民盟/2022-05-09_战“疫”有民盟丨上海民盟书画院抗疫作品线上展（第五辑）_0de02af69f99.md
按类型抽检:社会服务,1408,上海民盟,2022-05-19,战“疫”有民盟丨谢谢你们！千里援“沪”的盟友！,社会服务,95,医疗、抗疫、战“疫”,上海民盟、组织建设,,,,/Users/cheer/Documents/mllm-wiki-kb/data/raw/上海民盟/2022-05-19_战“疫”有民盟丨谢谢你们！千里援“沪”的盟友！_28d212004a9f.md
按类型抽检:社会服务,2147,上海民盟,2022-07-10,笃行如初，行健致远——精准、集聚、长期化，社会服务打响新品牌,社会服务,95,社会服务、帮扶、乡村振兴、烛光行动、黄丝带、公益、医疗,上海民盟、组织建设、社会服务、宣传写作,,,,/Users/cheer/Documents/mllm-wiki-kb/data/raw/上海民盟/2022-07-10_笃行如初，行健致远——精准、集聚、长期化，社会服务打响新品牌_395ba85cec29.md
按类型抽检:社会服务,6204,中国民主同盟,2023-05-11,民盟中央、司法部在浙江联合调研黄丝带帮教行动,社会服务,95,社会服务、帮扶、乡村振兴、烛光行动、黄丝带、公益,参政议政、组织建设、社会服务、宣传写作,,,,/Users/cheer/Documents/mllm-wiki-kb/data/raw/中国民主同盟/2023-05-11_民盟中央、司法部在浙江联合调研黄丝带帮教行动_16c0e3290092.md
按类型抽检:社会服务,3555,中国民主同盟,2025-01-20,丁仲礼、王光谦、谢经荣会见中共广宗县委书记郑晓燕一行,社会服务,82,社会服务、帮扶、乡村振兴、医疗,参政议政、社会服务,,,,/Users/cheer/Documents/mllm-wiki-kb/data/raw/中国民主同盟/2025-01-20_丁仲礼、王光谦、谢经荣会见中共广宗县委书记郑晓燕一行_6579a49cabac.md
按类型抽检:组织建设,1998,上海民盟,,申康中心、仪电系统、上海电机学院三个民盟基层组织完成换届,组织建设,95,基层组织、委员会、换届、入盟,上海民盟、参政议政、主题教育、组织建设,,,,/Users/cheer/Documents/mllm-wiki-kb/data/raw/上海民盟/undated_申康中心、仪电系统、上海电机学院三个民盟基层组织完成换届_0b02f5286e89.md
按类型抽检:组织建设,7780,中国民主同盟,2016-05-26,荐读 | 民盟吉林省委主委杨安娣、民盟广西区委主委刘慕仁在《人民日报》上的署名文章,组织建设,82,区委,参政议政、宣传写作,,,,/Users/cheer/Documents/mllm-wiki-kb/data/raw/中国民主同盟/2016-05-26_荐读 _ 民盟吉林省委主委杨安娣、民盟广西区委主委刘慕仁在《人民日报》上的署名文章_2368c850a63e.md
按类型抽检:组织建设,134,上海民盟,2016-08-16,【基层动态】民盟区县基层组织换届选举工作圆满完成,组织建设,95,组织建设、基层组织、区委、委员会、换届,上海民盟、参政议政、组织建设,,,,/Users/cheer/Documents/mllm-wiki-kb/data/raw/上海民盟/2016-08-16_【基层动态】民盟区县基层组织换届选举工作圆满完成_f7c40f5cab82.md
按类型抽检:组织建设,140,上海民盟,2016-10-14,【基层动态】民盟宝钢集团总支部召开第十次盟员大会,组织建设,95,组织建设、支部、委员会,上海民盟、参政议政、组织建设,,,,/Users/cheer/Documents/mllm-wiki-kb/data/raw/上海民盟/2016-10-14_【基层动态】民盟宝钢集团总支部召开第十次盟员大会_9b5b6b66a077.md
按类型抽检:组织建设,1204,上海民盟,2017-03-19,庆祝民盟成立76周年 | 今天是你的生日，我的民盟,组织建设,58,入盟,民盟史、上海民盟、组织建设,,,,/Users/cheer/Documents/mllm-wiki-kb/data/raw/上海民盟/2017-03-19_庆祝民盟成立76周年 _ 今天是你的生日，我的民盟_c4336637044a.md
按类型抽检:组织建设,8731,群言杂志,2017-08-25,北魏孝文帝的改革与反贪,组织建设,58,基层组织,组织建设,,,,/Users/cheer/Documents/mllm-wiki-kb/data/raw/群言杂志/2017-08-25_北魏孝文帝的改革与反贪_b6561c03363e.md
按类型抽检:组织建设,3868,中国民主同盟,2018-05-04,中国民主同盟中央委员会第十二届青年工作委员会名单,组织建设,82,委员会,,,,,/Users/cheer/Documents/mllm-wiki-kb/data/raw/中国民主同盟/2018-05-04_中国民主同盟中央委员会第十二届青年工作委员会名单_07bbd642e6ee.md
按类型抽检:组织建设,437,上海民盟,2018-12-22,上海市公共卫生临床中心成立民盟组织,组织建设,74,支部、委员会、盟员之家,上海民盟、组织建设,,,,/Users/cheer/Documents/mllm-wiki-kb/data/raw/上海民盟/2018-12-22_上海市公共卫生临床中心成立民盟组织_f621875933f3.md
按类型抽检:组织建设,5744,中国民主同盟,2020-02-02,抗击新型冠状病毒肺炎疫情，民盟在行动（四）,组织建设,66,支部、委员会,上海民盟、组织建设、宣传写作,,,,/Users/cheer/Documents/mllm-wiki-kb/data/raw/中国民主同盟/2020-02-02_抗击新型冠状病毒肺炎疫情，民盟在行动（四）_9e73619e6ce4.md
按类型抽检:组织建设,6989,中国民主同盟,2020-03-03,火线入盟 ！欢迎你们，新盟员！在武汉多保重！,组织建设,95,委员会、新盟员、入盟,组织建设,,,,/Users/cheer/Documents/mllm-wiki-kb/data/raw/中国民主同盟/2020-03-03_火线入盟 ！欢迎你们，新盟员！在武汉多保重！_92e587c3b219.md
按类型抽检:组织建设,1784,上海民盟,2020-07-16,民盟市委召开中共区委统战部长恳谈会，共商组织发展,组织建设,95,组织建设、基层组织、区委、换届,上海民盟、参政议政、组织建设、社会服务,,,,/Users/cheer/Documents/mllm-wiki-kb/data/raw/上海民盟/2020-07-16_民盟市委召开中共区委统战部长恳谈会，共商组织发展_34478441fe08.md
按类型抽检:组织建设,497,上海民盟,2021-04-09,上海首个职业教育领域的民盟高校基层组织成立,组织建设,95,组织建设、基层组织、支部、委员会、新盟员、入盟,上海民盟、参政议政、组织建设,,,,/Users/cheer/Documents/mllm-wiki-kb/data/raw/上海民盟/2021-04-09_上海首个职业教育领域的民盟高校基层组织成立_fbea82bbe8c9.md
按类型抽检:组织建设,6100,中国民主同盟,2021-06-25,民盟80年•传承丨宁波民盟：岁月留痕，初心不改,组织建设,58,委员会,,,,,/Users/cheer/Documents/mllm-wiki-kb/data/raw/中国民主同盟/2021-06-25_民盟80年•传承丨宁波民盟：岁月留痕，初心不改_86b475baebeb.md
按类型抽检:组织建设,9079,群言杂志,2022-03-19,民盟成立81周年 | 今天是你的生日，我的民盟,组织建设,74,基层组织、委员会、入盟,民盟史、组织建设,,,,/Users/cheer/Documents/mllm-wiki-kb/data/raw/群言杂志/2022-03-19_民盟成立81周年 _ 今天是你的生日，我的民盟_5b77efb1bb3e.md
按类型抽检:组织建设,6942,中国民主同盟,2022-11-30,江泽民同志治丧委员会公告（第1号）,组织建设,82,委员会,,,,,/Users/cheer/Documents/mllm-wiki-kb/data/raw/中国民主同盟/2022-11-30_江泽民同志治丧委员会公告（第1号）_fb76a00a32aa.md
按类型抽检:组织建设,241,上海民盟,2023-05-22,“沪宁山海情”——民盟宁夏区委主委马宗保带队来沪考察交流,组织建设,90,组织建设、区委,上海民盟、参政议政、组织建设、社会服务,,,,/Users/cheer/Documents/mllm-wiki-kb/data/raw/上海民盟/2023-05-22_“沪宁山海情”——民盟宁夏区委主委马宗保带队来沪考察交流_60083db71643.md
按类型抽检:组织建设,624,上海民盟,2024-07-17,丰富内容、创新形式，让纪律学习教育直击人心,组织建设,82,基层组织、区委、委员会、入盟,民盟史、上海民盟、参政议政、主题教育、组织建设,,,,/Users/cheer/Documents/mllm-wiki-kb/data/raw/上海民盟/2024-07-17_丰富内容、创新形式，让纪律学习教育直击人心_cf649e960765.md
按类型抽检:组织建设,4919,中国民主同盟,2025-04-15,基层组织建设丨民盟河南省郑州市委员会：创新增活力 人才强根基,组织建设,95,组织建设、基层组织、支部、委员会、换届、盟员之家、入盟,参政议政、组织建设、社会服务、宣传写作,,,,/Users/cheer/Documents/mllm-wiki-kb/data/raw/中国民主同盟/2025-04-15_基层组织建设丨民盟河南省郑州市委员会：创新增活力 人才强根基_e1314798ebe6.md
按类型抽检:组织建设,712,上海民盟,2025-10-18,今天，民盟上海市精神卫生中心支部正式成立,组织建设,95,组织建设、基层组织、支部、区委、委员会,上海民盟、参政议政、组织建设,,,,/Users/cheer/Documents/mllm-wiki-kb/data/raw/上海民盟/2025-10-18_今天，民盟上海市精神卫生中心支部正式成立_48457fbbe987.md
按类型抽检:组织建设,4923,中国民主同盟,2026-03-24,基层组织建设丨民盟通化市委员会：激发活力 履职赋能,组织建设,95,组织建设、基层组织、支部、委员会、盟员之家、新盟员,民盟史、参政议政、主题教育、组织建设、社会服务,,,,/Users/cheer/Documents/mllm-wiki-kb/data/raw/中国民主同盟/2026-03-24_基层组织建设丨民盟通化市委员会：激发活力 履职赋能_cacb0819d9c9.md
按类型抽检:评论综述/理论文章,3237,中国民主同盟,2015-12-15,【权威解读】“政党协商”六问六答,评论综述/理论文章,82,解读,参政议政,,,,/Users/cheer/Documents/mllm-wiki-kb/data/raw/中国民主同盟/2015-12-15_【权威解读】“政党协商”六问六答_0d1ab660c2c5.md
按类型抽检:评论综述/理论文章,257,上海民盟,2016-05-16,【理论与实践】梁漱溟对中国政党制度的探索及现实意义（四）,评论综述/理论文章,82,理论,上海民盟、参政议政,,,,/Users/cheer/Documents/mllm-wiki-kb/data/raw/上海民盟/2016-05-16_【理论与实践】梁漱溟对中国政党制度的探索及现实意义（四）_6fdfdecb4279.md
按类型抽检:评论综述/理论文章,2980,中国民主同盟,2016-09-02,《中华人民共和国慈善法》正式施行，参与起草的民盟专家郑功成为您解读——,评论综述/理论文章,82,解读,,,,,/Users/cheer/Documents/mllm-wiki-kb/data/raw/中国民主同盟/2016-09-02_《中华人民共和国慈善法》正式施行，参与起草的民盟专家郑功成为您解读——_df6b2429d9bc.md
按类型抽检:评论综述/理论文章,9279,群言杂志,2018-03-30,赶路的“大厨”能否带报业脱困？,评论综述/理论文章,74,理论、心得、观察,宣传写作,,,,/Users/cheer/Documents/mllm-wiki-kb/data/raw/群言杂志/2018-03-30_赶路的“大厨”能否带报业脱困？_0ed778023108.md
按类型抽检:评论综述/理论文章,8382,群言杂志,2018-09-05,“开学第一课”：如何摆脱“家长焦虑”困局,评论综述/理论文章,58,评论,参政议政、宣传写作,,,,/Users/cheer/Documents/mllm-wiki-kb/data/raw/群言杂志/2018-09-05_“开学第一课”：如何摆脱“家长焦虑”困局_c54d2269e61b.md
按类型抽检:评论综述/理论文章,9228,群言杂志,2019-08-02,茶宠——小玩意儿，大讲究,评论综述/理论文章,58,心得,,,,,/Users/cheer/Documents/mllm-wiki-kb/data/raw/群言杂志/2019-08-02_茶宠——小玩意儿，大讲究_fbd7138fc6ab.md
按类型抽检:评论综述/理论文章,8578,群言杂志,2020-10-19,中国实践不应照搬西方经济理论,评论综述/理论文章,82,理论,,,,,/Users/cheer/Documents/mllm-wiki-kb/data/raw/群言杂志/2020-10-19_中国实践不应照搬西方经济理论_c8e29863a7fb.md
按类型抽检:评论综述/理论文章,5109,中国民主同盟,2021-02-22,学习 丨 中共党史微课：中国共产党为什么“能”？六大特质决定成功,评论综述/理论文章,66,理论、解读,80周年、宣传写作,,,,/Users/cheer/Documents/mllm-wiki-kb/data/raw/中国民主同盟/2021-02-22_学习 丨 中共党史微课：中国共产党为什么“能”？六大特质决定成功_dc59dfa60c96.md
按类型抽检:评论综述/理论文章,9045,群言杂志,2021-05-26,来自纽约的“怪物” ——梁启超眼中的托拉斯,评论综述/理论文章,66,评论、观察,,,,,/Users/cheer/Documents/mllm-wiki-kb/data/raw/群言杂志/2021-05-26_来自纽约的“怪物” ——梁启超眼中的托拉斯_4943538d905b.md
按类型抽检:评论综述/理论文章,8587,群言杂志,2022-03-18,中学西渐，指向未来 ——百年来德国接受《道德经》之启示,评论综述/理论文章,58,观察,,,,,/Users/cheer/Documents/mllm-wiki-kb/data/raw/群言杂志/2022-03-18_中学西渐，指向未来 ——百年来德国接受《道德经》之启示_b4b6ed67c6c1.md
按类型抽检:评论综述/理论文章,5105,中国民主同盟,2022-06-21,学习 ｜ 人民日报评论员：做好新时代政治协商工作的基本遵循,评论综述/理论文章,82,评论,参政议政,,,,/Users/cheer/Documents/mllm-wiki-kb/data/raw/中国民主同盟/2022-06-21_学习 ｜ 人民日报评论员：做好新时代政治协商工作的基本遵循_0561cc295f18.md
按类型抽检:评论综述/理论文章,4028,中国民主同盟,2022-08-01,人民日报评论员：坚持爱国统一战线发展的正确方向,评论综述/理论文章,90,理论、评论,,,,,/Users/cheer/Documents/mllm-wiki-kb/data/raw/中国民主同盟/2022-08-01_人民日报评论员：坚持爱国统一战线发展的正确方向_0eca17083c6d.md
按类型抽检:评论综述/理论文章,4353,中国民主同盟,2022-09-13,共读经典 书香润盟 | 经典书目荐读第一期：习近平的“书柜”,评论综述/理论文章,66,理论、心得,主题教育,,,,/Users/cheer/Documents/mllm-wiki-kb/data/raw/中国民主同盟/2022-09-13_共读经典 书香润盟 _ 经典书目荐读第一期：习近平的“书柜”_9c7035c68a30.md
按类型抽检:评论综述/理论文章,3244,中国民主同盟,2022-11-02,【权威评论】人民日报评论员：深刻把握新时代十年伟大变革的里程碑意义,评论综述/理论文章,90,理论、评论,,,,,/Users/cheer/Documents/mllm-wiki-kb/data/raw/中国民主同盟/2022-11-02_【权威评论】人民日报评论员：深刻把握新时代十年伟大变革的里程碑意义_379b36d820d4.md
按类型抽检:评论综述/理论文章,3242,中国民主同盟,2022-11-09,【权威评论】人民日报评论员：同世界人民携手开创人类更加美好的未来,评论综述/理论文章,82,评论,,,,,/Users/cheer/Documents/mllm-wiki-kb/data/raw/中国民主同盟/2022-11-09_【权威评论】人民日报评论员：同世界人民携手开创人类更加美好的未来_4c68c4294b61.md
按类型抽检:评论综述/理论文章,2999,中国民主同盟,2023-02-10,《人民日报》刊登盟员书评 | 源于实践的创新之思,评论综述/理论文章,66,理论、观察,,,,,/Users/cheer/Documents/mllm-wiki-kb/data/raw/中国民主同盟/2023-02-10_《人民日报》刊登盟员书评 _ 源于实践的创新之思_1e9fee935780.md
按类型抽检:评论综述/理论文章,6460,中国民主同盟,2023-11-09,民盟中央理论学习中心组举行2023年第三次集体学习,评论综述/理论文章,90,理论、解读,宣传写作,,,,/Users/cheer/Documents/mllm-wiki-kb/data/raw/中国民主同盟/2023-11-09_民盟中央理论学习中心组举行2023年第三次集体学习_b4e873242be8.md
按类型抽检:评论综述/理论文章,8871,群言杂志,2024-01-09,学习中共二十大精神｜马克思主义视域下中国式现代化的理论逻辑,评论综述/理论文章,82,理论,,,,,/Users/cheer/Documents/mllm-wiki-kb/data/raw/群言杂志/2024-01-09_学习中共二十大精神｜马克思主义视域下中国式现代化的理论逻辑_025cd8403f3a.md
按类型抽检:评论综述/理论文章,8649,群言杂志,2024-05-06,传承“中法精神” 赓续非凡友谊,评论综述/理论文章,58,评论,上海民盟,,,,/Users/cheer/Documents/mllm-wiki-kb/data/raw/群言杂志/2024-05-06_传承“中法精神” 赓续非凡友谊_014dfad53f96.md
按类型抽检:评论综述/理论文章,6467,中国民主同盟,2024-12-13,民盟中央理论学习中心组集体（扩大）学习辅导报告会在京举行,评论综述/理论文章,90,理论、解读,宣传写作,,,,/Users/cheer/Documents/mllm-wiki-kb/data/raw/中国民主同盟/2024-12-13_民盟中央理论学习中心组集体（扩大）学习辅导报告会在京举行_865dc2b12abf.md
按类型抽检:通知公告/信息发布,3398,中国民主同盟,2015-03-06,【背景资料】盟员担任第十二届全国人大代表名单,通知公告/信息发布,82,名单,上海民盟,,,,/Users/cheer/Documents/mllm-wiki-kb/data/raw/中国民主同盟/2015-03-06_【背景资料】盟员担任第十二届全国人大代表名单_5e6ffe3351a0.md
按类型抽检:通知公告/信息发布,9146,群言杂志,2017-10-01,祖国的生日，大家的感念——听听那些年《群言》的作者们国庆节时的心里话,通知公告/信息发布,95,国庆,80周年,,,,/Users/cheer/Documents/mllm-wiki-kb/data/raw/群言杂志/2017-10-01_祖国的生日，大家的感念——听听那些年《群言》的作者们国庆节时的心里话_d25a53fb19ed.md
按类型抽检:通知公告/信息发布,5315,中国民主同盟,2020-01-21,张平、龙庄伟、程红出席“迎春送福进基层”活动,通知公告/信息发布,95,迎春,参政议政、组织建设,,,,/Users/cheer/Documents/mllm-wiki-kb/data/raw/中国民主同盟/2020-01-21_张平、龙庄伟、程红出席“迎春送福进基层”活动_6089bd1aba3c.md
按类型抽检:通知公告/信息发布,2397,上海民盟,2020-04-06,这位民盟市委机关的青年志愿者，上了“学习强国”,通知公告/信息发布,66,通知、报名,上海民盟,,,,/Users/cheer/Documents/mllm-wiki-kb/data/raw/上海民盟/2020-04-06_这位民盟市委机关的青年志愿者，上了“学习强国”_1f190d3bf485.md
按类型抽检:通知公告/信息发布,2761,上海民盟,2020-12-18,预告丨静脉曲张怎么办？甲状腺疾病如何防治？盟员医生为你解答,通知公告/信息发布,95,预告,上海民盟,,,,/Users/cheer/Documents/mllm-wiki-kb/data/raw/上海民盟/2020-12-18_预告丨静脉曲张怎么办？甲状腺疾病如何防治？盟员医生为你解答_5248c378c79d.md
按类型抽检:通知公告/信息发布,2684,上海民盟,2021-03-26,预告丨慢性胃炎？失眠？盟内中医专家为你支招,通知公告/信息发布,95,预告,上海民盟,,,,/Users/cheer/Documents/mllm-wiki-kb/data/raw/上海民盟/2021-03-26_预告丨慢性胃炎？失眠？盟内中医专家为你支招_ecafeee3f8a6.md
按类型抽检:通知公告/信息发布,2555,上海民盟,2021-07-16,预告丨@女盟员们，这场讲座关乎女性健康,通知公告/信息发布,95,预告,上海民盟,,,,/Users/cheer/Documents/mllm-wiki-kb/data/raw/上海民盟/2021-07-16_预告丨@女盟员们，这场讲座关乎女性健康_66bc50455aba.md
按类型抽检:通知公告/信息发布,2714,上海民盟,2021-10-22,预告丨盟员医生带来慢性疲劳综合征的中医防治科普,通知公告/信息发布,95,预告,上海民盟,,,,/Users/cheer/Documents/mllm-wiki-kb/data/raw/上海民盟/2021-10-22_预告丨盟员医生带来慢性疲劳综合征的中医防治科普_996b937e8c3d.md
按类型抽检:通知公告/信息发布,2307,上海民盟,2022-02-01,虎年大吉！民盟市委给全市盟员拜年啦！,通知公告/信息发布,95,拜年,上海民盟,,,,/Users/cheer/Documents/mllm-wiki-kb/data/raw/上海民盟/2022-02-01_虎年大吉！民盟市委给全市盟员拜年啦！_fa7ff168738a.md
按类型抽检:通知公告/信息发布,2697,上海民盟,2022-10-20,预告丨早期发现率不到15%，胃肠道肿瘤如何防治？名医健康大讲堂来科普,通知公告/信息发布,95,预告,上海民盟,,,,/Users/cheer/Documents/mllm-wiki-kb/data/raw/上海民盟/2022-10-20_预告丨早期发现率不到15%，胃肠道肿瘤如何防治？名医健康大讲堂来科普_e3f3897a16b2.md
按类型抽检:通知公告/信息发布,2609,上海民盟,2023-04-14,预告丨发现就是中晚期的肠癌该如何防治？名医健康大讲堂来讲解,通知公告/信息发布,95,预告,上海民盟,,,,/Users/cheer/Documents/mllm-wiki-kb/data/raw/上海民盟/2023-04-14_预告丨发现就是中晚期的肠癌该如何防治？名医健康大讲堂来讲解_8758f442b709.md
按类型抽检:通知公告/信息发布,2620,上海民盟,2023-07-21,预告丨名医健康大讲堂聊聊心脏的那些事,通知公告/信息发布,95,预告,上海民盟,,,,/Users/cheer/Documents/mllm-wiki-kb/data/raw/上海民盟/2023-07-21_预告丨名医健康大讲堂聊聊心脏的那些事_b196d79c8c5a.md
按类型抽检:通知公告/信息发布,2687,上海民盟,2023-11-24,预告丨打呼噜是睡得香的表现吗？名医健康大讲堂来解答,通知公告/信息发布,95,预告,上海民盟,,,,/Users/cheer/Documents/mllm-wiki-kb/data/raw/上海民盟/2023-11-24_预告丨打呼噜是睡得香的表现吗？名医健康大讲堂来解答_36a2de6c518b.md
按类型抽检:通知公告/信息发布,2677,上海民盟,2024-04-03,预告丨心脏移植和人工心脏知多少，健康大讲堂来科普,通知公告/信息发布,95,预告,上海民盟,,,,/Users/cheer/Documents/mllm-wiki-kb/data/raw/上海民盟/2024-04-03_预告丨心脏移植和人工心脏知多少，健康大讲堂来科普_ac231bad3f56.md
按类型抽检:通知公告/信息发布,2591,上海民盟,2024-08-01,预告丨先天性消化道畸形的诊断和治疗,通知公告/信息发布,95,预告,上海民盟,,,,/Users/cheer/Documents/mllm-wiki-kb/data/raw/上海民盟/2024-08-01_预告丨先天性消化道畸形的诊断和治疗_63b2ca1a8340.md
按类型抽检:通知公告/信息发布,2756,上海民盟,2024-12-05,预告丨近视防控知多少？盟员医生来解答,通知公告/信息发布,95,预告,上海民盟,,,,/Users/cheer/Documents/mllm-wiki-kb/data/raw/上海民盟/2024-12-05_预告丨近视防控知多少？盟员医生来解答_6db10242c62d.md
按类型抽检:通知公告/信息发布,2759,上海民盟,2025-04-18,预告丨防治哮喘，自由呼吸，来看名医健康大讲堂的科普,通知公告/信息发布,95,预告,上海民盟,,,,/Users/cheer/Documents/mllm-wiki-kb/data/raw/上海民盟/2025-04-18_预告丨防治哮喘，自由呼吸，来看名医健康大讲堂的科普_d4de4c003cdf.md
按类型抽检:通知公告/信息发布,2670,上海民盟,2025-08-08,预告丨守护大脑健康，盟员医生带来缺血性脑卒中的防治指南,通知公告/信息发布,95,预告,上海民盟,,,,/Users/cheer/Documents/mllm-wiki-kb/data/raw/上海民盟/2025-08-08_预告丨守护大脑健康，盟员医生带来缺血性脑卒中的防治指南_be5d2c63f2e6.md
按类型抽检:通知公告/信息发布,2679,上海民盟,2025-10-30,预告丨心衰不可怕，康复有方法！来听盟员医生的讲解,通知公告/信息发布,95,预告,上海民盟,,,,/Users/cheer/Documents/mllm-wiki-kb/data/raw/上海民盟/2025-10-30_预告丨心衰不可怕，康复有方法！来听盟员医生的讲解_789fd21dee79.md
按类型抽检:通知公告/信息发布,3346,中国民主同盟,2026-01-16,《群言》2026年第1期目录,通知公告/信息发布,82,目录,民盟史,,,,/Users/cheer/Documents/mllm-wiki-kb/data/raw/中国民主同盟/2026-01-16_《群言》2026年第1期目录_1c7d64dc3cde.md
按类型抽检:领导讲话/工作部署,3356,中国民主同盟,2014-06-04,【群言堂】协商民主 大道同行,领导讲话/工作部署,66,要求、全会,,,,,/Users/cheer/Documents/mllm-wiki-kb/data/raw/中国民主同盟/2014-06-04_【群言堂】协商民主 大道同行_2d86f47b350b.md
按类型抽检:领导讲话/工作部署,4762,中国民主同盟,2015-12-11,名家作者与《群言》,领导讲话/工作部署,58,要求,,,,,/Users/cheer/Documents/mllm-wiki-kb/data/raw/中国民主同盟/2015-12-11_名家作者与《群言》_e8ab9d181dc0.md
按类型抽检:领导讲话/工作部署,6929,中国民主同盟,2016-08-30,民盟青海省委传达学习习近平总书记来青视察时的重要讲话精神,领导讲话/工作部署,90,讲话、部署,参政议政,,,,/Users/cheer/Documents/mllm-wiki-kb/data/raw/中国民主同盟/2016-08-30_民盟青海省委传达学习习近平总书记来青视察时的重要讲话精神_ce96caddc8d5.md
按类型抽检:领导讲话/工作部署,7190,中国民主同盟,2017-02-15,盟史纵览 | 一支重要的中间力量（八）民盟一届二中全会,领导讲话/工作部署,95,要求、强调、全会,民盟史、上海民盟、参政议政、组织建设、宣传写作,,,,/Users/cheer/Documents/mllm-wiki-kb/data/raw/中国民主同盟/2017-02-15_盟史纵览 _ 一支重要的中间力量（八）民盟一届二中全会_c1ddd220fa49.md
按类型抽检:领导讲话/工作部署,5865,中国民主同盟,2017-08-15,日本投降日：他们在干什么,领导讲话/工作部署,66,要求、指出,民盟史、上海民盟,,,,/Users/cheer/Documents/mllm-wiki-kb/data/raw/中国民主同盟/2017-08-15_日本投降日：他们在干什么_4adcff2b0f17.md
按类型抽检:领导讲话/工作部署,5511,中国民主同盟,2018-03-05,很温暖！很振奋！聆听习总书记讲话，民盟盟员们如是说——,领导讲话/工作部署,90,讲话、要求,民盟史、上海民盟、参政议政、主题教育、社会服务、宣传写作,,,,/Users/cheer/Documents/mllm-wiki-kb/data/raw/中国民主同盟/2018-03-05_很温暖！很振奋！聆听习总书记讲话，民盟盟员们如是说——_9822c9f14c95.md
按类型抽检:领导讲话/工作部署,3030,中国民主同盟,2018-12-29,【全国政协新年茶话会】习近平：人心是最大的政治 共识是奋进的动力,领导讲话/工作部署,95,讲话、部署、要求、指出、强调、全会,80周年、参政议政,,,,/Users/cheer/Documents/mllm-wiki-kb/data/raw/中国民主同盟/2018-12-29_【全国政协新年茶话会】习近平：人心是最大的政治 共识是奋进的动力_bd12ba39df38.md
按类型抽检:领导讲话/工作部署,6465,中国民主同盟,2019-11-18,民盟中央理论学习中心组学习贯彻中共十九届四中全会精神,领导讲话/工作部署,95,讲话、要求、指出、强调、全会,参政议政、组织建设、宣传写作,,,,/Users/cheer/Documents/mllm-wiki-kb/data/raw/中国民主同盟/2019-11-18_民盟中央理论学习中心组学习贯彻中共十九届四中全会精神_294ac63b257e.md
按类型抽检:领导讲话/工作部署,5798,中国民主同盟,2020-05-22,政府工作报告极简版！只有500多字,领导讲话/工作部署,82,工作报告,,,,,/Users/cheer/Documents/mllm-wiki-kb/data/raw/中国民主同盟/2020-05-22_政府工作报告极简版！只有500多字_ad53ec92158e.md
按类型抽检:领导讲话/工作部署,1256,上海民盟,2021-01-12,思考、执行、协同——民盟市委召开机关工作务虚会,领导讲话/工作部署,82,讲话、要求、指出、强调,上海民盟、参政议政、组织建设、社会服务,,,,/Users/cheer/Documents/mllm-wiki-kb/data/raw/上海民盟/2021-01-12_思考、执行、协同——民盟市委召开机关工作务虚会_3dc10bbb3a88.md
按类型抽检:领导讲话/工作部署,5119,中国民主同盟,2021-07-06,学习心声 | 丁仲礼：坚守合作初心 共襄复兴伟业,领导讲话/工作部署,74,讲话、部署、要求,,,,,/Users/cheer/Documents/mllm-wiki-kb/data/raw/中国民主同盟/2021-07-06_学习心声 _ 丁仲礼：坚守合作初心 共襄复兴伟业_44830ce768cf.md
按类型抽检:领导讲话/工作部署,5123,中国民主同盟,2021-11-24,学习贯彻中共十九届六中全会精神｜ 丁仲礼：坚持中国共产党领导 团结奋进新征程,领导讲话/工作部署,82,全会,,,,,/Users/cheer/Documents/mllm-wiki-kb/data/raw/中国民主同盟/2021-11-24_学习贯彻中共十九届六中全会精神｜ 丁仲礼：坚持中国共产党领导 团结奋进新征程_ad604a1a9d9a.md
按类型抽检:领导讲话/工作部署,8537,群言杂志,2022-07-13,“造梦”的艺术：中国主题公园的优势转化,领导讲话/工作部署,58,强调,上海民盟,,,,/Users/cheer/Documents/mllm-wiki-kb/data/raw/群言杂志/2022-07-13_“造梦”的艺术：中国主题公园的优势转化_70a0b6a8c839.md
按类型抽检:领导讲话/工作部署,7970,中国民主同盟,2022-11-09,辜清：学深悟透 务实担当 贯彻落实好中共二十大精神,领导讲话/工作部署,74,讲话、要求、指出,参政议政、主题教育、宣传写作,,,,/Users/cheer/Documents/mllm-wiki-kb/data/raw/中国民主同盟/2022-11-09_辜清：学深悟透 务实担当 贯彻落实好中共二十大精神_3d75f347a53d.md
按类型抽检:领导讲话/工作部署,8081,中国民主同盟,2023-03-03,重磅！任仲平来了,领导讲话/工作部署,74,要求、指出、强调,组织建设,,,,/Users/cheer/Documents/mllm-wiki-kb/data/raw/中国民主同盟/2023-03-03_重磅！任仲平来了_ac0dba0bf1be.md
按类型抽检:领导讲话/工作部署,6622,中国民主同盟,2023-12-05,民盟十三届二中全会在京开幕,领导讲话/工作部署,95,工作报告、要求、指出、全会,参政议政、主题教育、组织建设、社会服务、宣传写作,,,,/Users/cheer/Documents/mllm-wiki-kb/data/raw/中国民主同盟/2023-12-05_民盟十三届二中全会在京开幕_51d26a5fcfb6.md
按类型抽检:领导讲话/工作部署,1163,上海民盟,2024-07-28,学精神、见行动——民盟法治沙龙学习中共二十届三中全会精神,领导讲话/工作部署,95,讲话、部署、要求、全会,上海民盟、参政议政,,,,/Users/cheer/Documents/mllm-wiki-kb/data/raw/上海民盟/2024-07-28_学精神、见行动——民盟法治沙龙学习中共二十届三中全会精神_2b76f48c3d6b.md
按类型抽检:领导讲话/工作部署,8375,群言杂志,2024-11-27,【学习中共二十届三中全会精神】从“四个之问”的深刻回答中感悟习近平文化思想的真理伟力,领导讲话/工作部署,95,指出、强调、全会,宣传写作,,,,/Users/cheer/Documents/mllm-wiki-kb/data/raw/群言杂志/2024-11-27_【学习中共二十届三中全会精神】从“四个之问”的深刻回答中感悟习近平文化思想的真理伟力_6a03cb6fff89.md
按类型抽检:领导讲话/工作部署,2029,上海民盟,2025-05-06,盟员热议：如何加快建成具有全球影响力的科技创新高地,领导讲话/工作部署,74,讲话、要求、强调,上海民盟、参政议政、组织建设,,,,/Users/cheer/Documents/mllm-wiki-kb/data/raw/上海民盟/2025-05-06_盟员热议：如何加快建成具有全球影响力的科技创新高地_137d53de456d.md
按类型抽检:领导讲话/工作部署,7105,中国民主同盟,2025-10-31,王光谦走访民盟丽水市委会机关,领导讲话/工作部署,74,部署、指出、全会,参政议政、宣传写作,,,,/Users/cheer/Documents/mllm-wiki-kb/data/raw/中国民主同盟/2025-10-31_王光谦走访民盟丽水市委会机关_f394a12f0b48.md
低置信抽检,2932,中国民主同盟,2015-07-15,《七子之歌》节选,其他/待判,0,,,,,,/Users/cheer/Documents/mllm-wiki-kb/data/raw/中国民主同盟/2015-07-15_《七子之歌》节选_fd0bde35ee6c.md
低置信抽检,9243,群言杂志,2016-07-22,认识糖尿病,其他/待判,0,,,,,,/Users/cheer/Documents/mllm-wiki-kb/data/raw/群言杂志/2016-07-22_认识糖尿病_68096dc4352f.md
低置信抽检,8860,群言杂志,2016-08-06,季羡林：我写我,其他/待判,0,,,,,,/Users/cheer/Documents/mllm-wiki-kb/data/raw/群言杂志/2016-08-06_季羡林：我写我_989303a0418a.md
低置信抽检,8792,群言杂志,2016-11-02,固守尊严,其他/待判,0,,,,,,/Users/cheer/Documents/mllm-wiki-kb/data/raw/群言杂志/2016-11-02_固守尊严_1268aecfd014.md
低置信抽检,9209,群言杂志,2016-12-30,老挂历的联想,其他/待判,0,,,,,,/Users/cheer/Documents/mllm-wiki-kb/data/raw/群言杂志/2016-12-30_老挂历的联想_c24b96fa4cf0.md
低置信抽检,6008,中国民主同盟,2017-01-26,树高千尺不忘根，水流万里总思源——毛国典老师用“笔墨”回报父老乡亲,其他/待判,0,,,,,,/Users/cheer/Documents/mllm-wiki-kb/data/raw/中国民主同盟/2017-01-26_树高千尺不忘根，水流万里总思源——毛国典老师用“笔墨”回报父老乡亲_50b179988535.md
低置信抽检,8758,群言杂志,2017-02-09,叶嘉莹：吟诵，让诗歌的生命延续,其他/待判,0,,上海民盟,,,,/Users/cheer/Documents/mllm-wiki-kb/data/raw/群言杂志/2017-02-09_叶嘉莹：吟诵，让诗歌的生命延续_f4129e13c230.md
低置信抽检,8659,群言杂志,2017-03-11,俞敏洪、刘长铭“对话”乡村教育,其他/待判,0,,,,,,/Users/cheer/Documents/mllm-wiki-kb/data/raw/群言杂志/2017-03-11_俞敏洪、刘长铭“对话”乡村教育_dcab0a05df1e.md
低置信抽检,9152,群言杂志,2017-04-19,移民问题与美国政治,其他/待判,0,,宣传写作,,,,/Users/cheer/Documents/mllm-wiki-kb/data/raw/群言杂志/2017-04-19_移民问题与美国政治_70439e838ad2.md
低置信抽检,8511,群言杂志,2017-04-21,【福建专刊】写在古港帆影里的海外交通史,其他/待判,0,,,,,,/Users/cheer/Documents/mllm-wiki-kb/data/raw/群言杂志/2017-04-21_【福建专刊】写在古港帆影里的海外交通史_097474511ba9.md
低置信抽检,8586,群言杂志,2017-05-03,中国要成为文化大国的基础是什么,其他/待判,0,,,,,,/Users/cheer/Documents/mllm-wiki-kb/data/raw/群言杂志/2017-05-03_中国要成为文化大国的基础是什么_766e6d349cb0.md
低置信抽检,8452,群言杂志,2017-05-10,【新刊】非西方式文艺复兴与生态社会的来临,其他/待判,0,,,,,,/Users/cheer/Documents/mllm-wiki-kb/data/raw/群言杂志/2017-05-10_【新刊】非西方式文艺复兴与生态社会的来临_ca0387090803.md
低置信抽检,8610,群言杂志,2017-06-16,京陇方言妙趣,其他/待判,0,,,,,,/Users/cheer/Documents/mllm-wiki-kb/data/raw/群言杂志/2017-06-16_京陇方言妙趣_ce41628d4387.md
低置信抽检,8316,群言杂志,2017-06-28,【上海专刊】方寸之间，有一份上海城市生活备忘录,其他/待判,0,,上海民盟,,,,/Users/cheer/Documents/mllm-wiki-kb/data/raw/群言杂志/2017-06-28_【上海专刊】方寸之间，有一份上海城市生活备忘录_eb928af6a5c5.md
低置信抽检,8768,群言杂志,2017-09-22,君子：中华民族千锤百炼的人格基因,其他/待判,0,,,,,,/Users/cheer/Documents/mllm-wiki-kb/data/raw/群言杂志/2017-09-22_君子：中华民族千锤百炼的人格基因_175935da38af.md
低置信抽检,3206,中国民主同盟,2017-12-02,@所有人，请您寄语民盟十二大！,其他/待判,0,,宣传写作,,,,/Users/cheer/Documents/mllm-wiki-kb/data/raw/中国民主同盟/2017-12-02_@所有人，请您寄语民盟十二大！_d2c45bbdad67.md
低置信抽检,3522,中国民主同盟,2017-12-06,一图带你了解民盟十二大代表是怎样产生的！,其他/待判,0,,,,,,/Users/cheer/Documents/mllm-wiki-kb/data/raw/中国民主同盟/2017-12-06_一图带你了解民盟十二大代表是怎样产生的！_8717b5a8dcff.md
低置信抽检,5606,中国民主同盟,2017-12-07,想看民盟十二大开幕式全景吗？小编有“神器”带你去——,其他/待判,0,,,,,,/Users/cheer/Documents/mllm-wiki-kb/data/raw/中国民主同盟/2017-12-07_想看民盟十二大开幕式全景吗？小编有“神器”带你去——_2498874a69ee.md
低置信抽检,8816,群言杂志,2017-12-15,夏烈：为什么要提网络文学创作的“中华性”,其他/待判,0,,,,,,/Users/cheer/Documents/mllm-wiki-kb/data/raw/群言杂志/2017-12-15_夏烈：为什么要提网络文学创作的“中华性”_548f004d0b43.md
低置信抽检,9128,群言杂志,2018-01-03,电梯间里的人生大戏,其他/待判,0,,,,,,/Users/cheer/Documents/mllm-wiki-kb/data/raw/群言杂志/2018-01-03_电梯间里的人生大戏_8cc2ba4134ce.md
低置信抽检,8853,群言杂志,2018-03-08,妇女节，我们来谈谈婚姻,其他/待判,0,,,,,,/Users/cheer/Documents/mllm-wiki-kb/data/raw/群言杂志/2018-03-08_妇女节，我们来谈谈婚姻_45f7769684dd.md
低置信抽检,3676,中国民主同盟,2018-03-21,丁仲礼做客人民网强国论坛,其他/待判,0,,,,,,/Users/cheer/Documents/mllm-wiki-kb/data/raw/中国民主同盟/2018-03-21_丁仲礼做客人民网强国论坛_8c3013fe8e90.md
低置信抽检,2904,中国民主同盟,2018-05-12,“5·12”感恩 | 汶川：十年淬炼 十年新生,其他/待判,0,,,,,,/Users/cheer/Documents/mllm-wiki-kb/data/raw/中国民主同盟/2018-05-12_“5·12”感恩 _ 汶川：十年淬炼 十年新生_1a4547e26033.md
低置信抽检,8825,群言杂志,2018-07-20,大家小文 | 金开诚：漫话清高,其他/待判,0,,,,,,/Users/cheer/Documents/mllm-wiki-kb/data/raw/群言杂志/2018-07-20_大家小文 _ 金开诚：漫话清高_3d9c5bca1a76.md
低置信抽检,3532,中国民主同盟,2018-08-02,一带一路 | 在古丝绸之路的起点，他们来了一次精彩的“快闪”秀,其他/待判,0,,宣传写作,,,,/Users/cheer/Documents/mllm-wiki-kb/data/raw/中国民主同盟/2018-08-02_一带一路 _ 在古丝绸之路的起点，他们来了一次精彩的“快闪”秀_a67a2e2d5c96.md
低置信抽检,8541,群言杂志,2019-04-24,“鹤岗”热搜冷思考：欧美经验如何让“居者有其屋”,其他/待判,0,,上海民盟,,,,/Users/cheer/Documents/mllm-wiki-kb/data/raw/群言杂志/2019-04-24_“鹤岗”热搜冷思考：欧美经验如何让“居者有其屋”_5105d46f0b5b.md
低置信抽检,8887,群言杂志,2019-05-10,工夫茶——杯中见工夫,其他/待判,0,,,,,,/Users/cheer/Documents/mllm-wiki-kb/data/raw/群言杂志/2019-05-10_工夫茶——杯中见工夫_edd4675e1db9.md
低置信抽检,8380,群言杂志,2019-05-17,【广东专刊】寻“客”之旅——解密围龙屋,其他/待判,0,,,,,,/Users/cheer/Documents/mllm-wiki-kb/data/raw/群言杂志/2019-05-17_【广东专刊】寻“客”之旅——解密围龙屋_0c43e6f02541.md
低置信抽检,9203,群言杂志,2019-05-31,缺铁性贫血，你了解多少？,其他/待判,0,,,,,,/Users/cheer/Documents/mllm-wiki-kb/data/raw/群言杂志/2019-05-31_缺铁性贫血，你了解多少？_ae2a040849a3.md
低置信抽检,8986,群言杂志,2019-09-04,推动北方经济快跑，如何对症下药？,其他/待判,0,,上海民盟,,,,/Users/cheer/Documents/mllm-wiki-kb/data/raw/群言杂志/2019-09-04_推动北方经济快跑，如何对症下药？_f2b8cef2dcbf.md
低置信抽检,4044,中国民主同盟,2019-10-17,今天，送别敬爱的丁石孙主席,其他/待判,0,,,,,,/Users/cheer/Documents/mllm-wiki-kb/data/raw/中国民主同盟/2019-10-17_今天，送别敬爱的丁石孙主席_6134f1a677c7.md
低置信抽检,9225,群言杂志,2020-01-22,节日习俗｜ 北京的年味儿,其他/待判,0,,,,,,/Users/cheer/Documents/mllm-wiki-kb/data/raw/群言杂志/2020-01-22_节日习俗｜ 北京的年味儿_e0667120c9bc.md
低置信抽检,7759,中国民主同盟,2020-01-30,致敬逆行者！,其他/待判,0,,,,,,/Users/cheer/Documents/mllm-wiki-kb/data/raw/中国民主同盟/2020-01-30_致敬逆行者！_5f10414ab21e.md
低置信抽检,4868,中国民主同盟,2020-02-01,国家卫健委发布权威口罩使用指南！,其他/待判,0,,,,,,/Users/cheer/Documents/mllm-wiki-kb/data/raw/中国民主同盟/2020-02-01_国家卫健委发布权威口罩使用指南！_c459820e3d04.md
低置信抽检,8099,中国民主同盟,2020-02-23,防控有成效，拐点尚未来！关键时期，请接力倡议！,其他/待判,0,,,,,,/Users/cheer/Documents/mllm-wiki-kb/data/raw/中国民主同盟/2020-02-23_防控有成效，拐点尚未来！关键时期，请接力倡议！_1d73f32a1359.md
低置信抽检,5986,中国民主同盟,2020-03-07,李医生收到了一封道歉信,其他/待判,0,,,,,,/Users/cheer/Documents/mllm-wiki-kb/data/raw/中国民主同盟/2020-03-07_李医生收到了一封道歉信_27f8bfd199df.md
低置信抽检,2349,上海民盟,2020-03-24,赵红军：新冠疫情给中国经济带来的转型机遇,其他/待判,0,,上海民盟,,,,/Users/cheer/Documents/mllm-wiki-kb/data/raw/上海民盟/2020-03-24_赵红军：新冠疫情给中国经济带来的转型机遇_058b0744b3fd.md
低置信抽检,1968,上海民盟,2020-04-17,猜一猜，哪些盟员企业家将现身这个论坛？,其他/待判,0,,上海民盟,,,,/Users/cheer/Documents/mllm-wiki-kb/data/raw/上海民盟/2020-04-17_猜一猜，哪些盟员企业家将现身这个论坛？_0730f7a2862e.md
低置信抽检,4766,中国民主同盟,2020-05-01,向劳动者们致敬！,其他/待判,0,,,,,,/Users/cheer/Documents/mllm-wiki-kb/data/raw/中国民主同盟/2020-05-01_向劳动者们致敬！_37b57c333dcf.md
低置信抽检,6488,中国民主同盟,2020-05-09,民盟中央部分扶贫联系地区电商平台,其他/待判,0,,,,,,/Users/cheer/Documents/mllm-wiki-kb/data/raw/中国民主同盟/2020-05-09_民盟中央部分扶贫联系地区电商平台_f26322b9b313.md
低置信抽检,6023,中国民主同盟,2020-05-10,母亲节 丨 梁晓声朗读：《慈母情深》,其他/待判,0,,,,,,/Users/cheer/Documents/mllm-wiki-kb/data/raw/中国民主同盟/2020-05-10_母亲节 丨 梁晓声朗读：《慈母情深》_7087f5ba2f29.md
低置信抽检,8400,群言杂志,2020-06-05,【征文选登】老街的“热胀冷缩”,其他/待判,0,,,,,,/Users/cheer/Documents/mllm-wiki-kb/data/raw/群言杂志/2020-06-05_【征文选登】老街的“热胀冷缩”_07ecf369b2e4.md
低置信抽检,8629,群言杂志,2020-07-22,从反性侵到性别平等——社会共识的进步与未竟,其他/待判,0,,宣传写作,,,,/Users/cheer/Documents/mllm-wiki-kb/data/raw/群言杂志/2020-07-22_从反性侵到性别平等——社会共识的进步与未竟_db9dc32fb95e.md
低置信抽检,9230,群言杂志,2020-08-28,茶香氤氲，战马嘶鸣——西夏故国怀古,其他/待判,0,,,,,,/Users/cheer/Documents/mllm-wiki-kb/data/raw/群言杂志/2020-08-28_茶香氤氲，战马嘶鸣——西夏故国怀古_a5af65f2c880.md
低置信抽检,8838,群言杂志,2020-09-02,失独的“次生灾难”及其综合应对,其他/待判,0,,宣传写作,,,,/Users/cheer/Documents/mllm-wiki-kb/data/raw/群言杂志/2020-09-02_失独的“次生灾难”及其综合应对_6b470aff130b.md
低置信抽检,5172,中国民主同盟,2020-10-01,家国共团圆！,其他/待判,0,,,,,,/Users/cheer/Documents/mllm-wiki-kb/data/raw/中国民主同盟/2020-10-01_家国共团圆！_7f2f2bd948f1.md
低置信抽检,4813,中国民主同盟,2020-10-12,吴为山捐赠钱伟长、费孝通铜像：“塑他们的同时，他们也在塑造着我”,其他/待判,0,,上海民盟,,,,/Users/cheer/Documents/mllm-wiki-kb/data/raw/中国民主同盟/2020-10-12_吴为山捐赠钱伟长、费孝通铜像：“塑他们的同时，他们也在塑造着我”_2d0dc586a6ab.md
低置信抽检,5582,中国民主同盟,2021-01-01,快来查收！这是习主席给你的新年贺卡,其他/待判,0,,,,,,/Users/cheer/Documents/mllm-wiki-kb/data/raw/中国民主同盟/2021-01-01_快来查收！这是习主席给你的新年贺卡_601505e2db55.md
低置信抽检,5072,中国民主同盟,2021-03-08,她说 | 窦希萍代表：保护和利用好黄金水道,其他/待判,0,,,,,,/Users/cheer/Documents/mllm-wiki-kb/data/raw/中国民主同盟/2021-03-08_她说 _ 窦希萍代表：保护和利用好黄金水道_504d76bbe8be.md
低置信抽检,3028,中国民主同盟,2021-03-18,@全体民盟盟员，快跟上！接力为她送祝福,其他/待判,0,,,,,,/Users/cheer/Documents/mllm-wiki-kb/data/raw/中国民主同盟/2021-03-18_@全体民盟盟员，快跟上！接力为她送祝福_5185707ffdab.md
低置信抽检,6119,中国民主同盟,2021-04-27,民盟80年•微纪录丨英雄城 民盟人,其他/待判,0,,80周年,,,,/Users/cheer/Documents/mllm-wiki-kb/data/raw/中国民主同盟/2021-04-27_民盟80年•微纪录丨英雄城 民盟人_6f3fbd532fdf.md
低置信抽检,6202,中国民主同盟,2021-05-10,(unknown),其他/待判,0,,,,,,/Users/cheer/Documents/mllm-wiki-kb/data/raw/中国民主同盟/2021-05-10_(unknown)_4df77878f59b.md
低置信抽检,6122,中国民主同盟,2021-05-31,民盟80年•心声丨“感谢组织信任我！”,其他/待判,0,,80周年,,,,/Users/cheer/Documents/mllm-wiki-kb/data/raw/中国民主同盟/2021-05-31_民盟80年•心声丨“感谢组织信任我！”_2bfaba8380b7.md
低置信抽检,3449,中国民主同盟,2021-06-02,(unknown),其他/待判,0,,,,,,/Users/cheer/Documents/mllm-wiki-kb/data/raw/中国民主同盟/2021-06-02_(unknown)_b9d388649f50.md
低置信抽检,370,上海民盟,2021-06-30,一幅壮美长卷，纵览党的统一战线历史瞬间,其他/待判,0,,上海民盟,,,,/Users/cheer/Documents/mllm-wiki-kb/data/raw/上海民盟/2021-06-30_一幅壮美长卷，纵览党的统一战线历史瞬间_f59832344c58.md
低置信抽检,5246,中国民主同盟,2021-06-30,建党100周年 | 一幅壮美长卷，纵览党的统一战线历史瞬间！,其他/待判,0,,,,,,/Users/cheer/Documents/mllm-wiki-kb/data/raw/中国民主同盟/2021-06-30_建党100周年 _ 一幅壮美长卷，纵览党的统一战线历史瞬间！_1fe95a35e3e7.md
低置信抽检,6935,中国民主同盟,2021-07-06,永远跟党走 | 汕尾民盟深情献唱《同心圆》,其他/待判,0,,80周年,,,,/Users/cheer/Documents/mllm-wiki-kb/data/raw/中国民主同盟/2021-07-06_永远跟党走 _ 汕尾民盟深情献唱《同心圆》_26c62bb2a81b.md
低置信抽检,8388,群言杂志,2021-11-16,【征文选登】从淤泥里开出一朵莲花,其他/待判,0,,上海民盟,,,,/Users/cheer/Documents/mllm-wiki-kb/data/raw/群言杂志/2021-11-16_【征文选登】从淤泥里开出一朵莲花_01b1e2676593.md
低置信抽检,7808,中国民主同盟,2021-11-17,要点速览｜《中共中央关于党的百年奋斗重大成就和历史经验的决议》,其他/待判,0,,,,,,/Users/cheer/Documents/mllm-wiki-kb/data/raw/中国民主同盟/2021-11-17_要点速览｜《中共中央关于党的百年奋斗重大成就和历史经验的决议》_d013d5bea54c.md
低置信抽检,8405,群言杂志,2021-11-23,【征文选登】飘香的爆米花,其他/待判,0,,宣传写作,,,,/Users/cheer/Documents/mllm-wiki-kb/data/raw/群言杂志/2021-11-23_【征文选登】飘香的爆米花_d304a9328095.md
低置信抽检,8735,群言杂志,2021-12-01,千年汉阳城，百年汉阳造,其他/待判,0,,,,,,/Users/cheer/Documents/mllm-wiki-kb/data/raw/群言杂志/2021-12-01_千年汉阳城，百年汉阳造_0272ae2dadac.md
低置信抽检,8576,群言杂志,2021-12-11,中国“入世”20周年漫谈,其他/待判,0,,,,,,/Users/cheer/Documents/mllm-wiki-kb/data/raw/群言杂志/2021-12-11_中国“入世”20周年漫谈_0d17afbcca13.md
低置信抽检,779,上海民盟,2021-12-31,传承沪商精神 传唱《沪商之歌》,其他/待判,0,,上海民盟,,,,/Users/cheer/Documents/mllm-wiki-kb/data/raw/上海民盟/2021-12-31_传承沪商精神 传唱《沪商之歌》_1e8c848c7ded.md
低置信抽检,2271,上海民盟,2022-05-01,致敬劳动者！众志成城，决战决胜！,其他/待判,0,,上海民盟,,,,/Users/cheer/Documents/mllm-wiki-kb/data/raw/上海民盟/2022-05-01_致敬劳动者！众志成城，决战决胜！_389c62a18e9c.md
低置信抽检,8559,群言杂志,2022-05-30,不断向前的数字经济治理,其他/待判,0,,,,,,/Users/cheer/Documents/mllm-wiki-kb/data/raw/群言杂志/2022-05-30_不断向前的数字经济治理_9ec415ea0e36.md
低置信抽检,9229,群言杂志,2022-07-27,茶行世界 —— 一片树叶的环球历程,其他/待判,0,,宣传写作,,,,/Users/cheer/Documents/mllm-wiki-kb/data/raw/群言杂志/2022-07-27_茶行世界 —— 一片树叶的环球历程_b897de2b7ddd.md
低置信抽检,2363,上海民盟,2022-09-10,迎中秋，谢师恩，民盟市委送上“双节”祝福,其他/待判,0,,上海民盟,,,,/Users/cheer/Documents/mllm-wiki-kb/data/raw/上海民盟/2022-09-10_迎中秋，谢师恩，民盟市委送上“双节”祝福_16c803d1b657.md
低置信抽检,9139,群言杂志,2022-09-21,直播带货新风口——企业自播,其他/待判,0,,,,,,/Users/cheer/Documents/mllm-wiki-kb/data/raw/群言杂志/2022-09-21_直播带货新风口——企业自播_98ed23e73052.md
低置信抽检,4858,中国民主同盟,2022-10-09,喜迎中共二十大 | 民盟济宁市委会：跟着共产党走,其他/待判,0,,,,,,/Users/cheer/Documents/mllm-wiki-kb/data/raw/中国民主同盟/2022-10-09_喜迎中共二十大 _ 民盟济宁市委会：跟着共产党走_bb979def1dc0.md
低置信抽检,3839,中国民主同盟,2022-10-20,中共二十大报告中的新表述新概括新论断,其他/待判,0,,,,,,/Users/cheer/Documents/mllm-wiki-kb/data/raw/中国民主同盟/2022-10-20_中共二十大报告中的新表述新概括新论断_7e56f2f32011.md
低置信抽检,3840,中国民主同盟,2022-10-31,中共二十大报告学习笔记,其他/待判,0,,,,,,/Users/cheer/Documents/mllm-wiki-kb/data/raw/中国民主同盟/2022-10-31_中共二十大报告学习笔记_1f67efcb9612.md
低置信抽检,8757,群言杂志,2022-11-28,史铁生：地坛精神建筑的一部分,其他/待判,0,,上海民盟,,,,/Users/cheer/Documents/mllm-wiki-kb/data/raw/群言杂志/2022-11-28_史铁生：地坛精神建筑的一部分_a768712adf2f.md
低置信抽检,3521,中国民主同盟,2022-12-20,一图带你了解民盟十三大代表是怎样产生的！,其他/待判,0,,,,,,/Users/cheer/Documents/mllm-wiki-kb/data/raw/中国民主同盟/2022-12-20_一图带你了解民盟十三大代表是怎样产生的！_25906dbe079c.md
低置信抽检,8782,群言杂志,2023-01-06,唐朝人的樱桃情结,其他/待判,0,,,,,,/Users/cheer/Documents/mllm-wiki-kb/data/raw/群言杂志/2023-01-06_唐朝人的樱桃情结_3bc93006a8aa.md
低置信抽检,5588,中国民主同盟,2023-01-20,总书记的新春祝福~,其他/待判,0,,,,,,/Users/cheer/Documents/mllm-wiki-kb/data/raw/中国民主同盟/2023-01-20_总书记的新春祝福~_28adb2a31c8f.md
低置信抽检,3496,中国民主同盟,2023-03-11,【重磅】国家主席习近平签署主席令，任命李强为中华人民共和国国务院总理,其他/待判,0,,,,,,/Users/cheer/Documents/mllm-wiki-kb/data/raw/中国民主同盟/2023-03-11_【重磅】国家主席习近平签署主席令，任命李强为中华人民共和国国务院总理_82ac1c6e1bd4.md
低置信抽检,9094,群言杂志,2023-04-05,清明节｜回乡扫墓,其他/待判,0,,,,,,/Users/cheer/Documents/mllm-wiki-kb/data/raw/群言杂志/2023-04-05_清明节｜回乡扫墓_cd2213204be6.md
低置信抽检,7639,中国民主同盟,2023-04-27,翻开这一页，我终于明白了75年前那个重大历史抉择......,其他/待判,0,,,,,,/Users/cheer/Documents/mllm-wiki-kb/data/raw/中国民主同盟/2023-04-27_翻开这一页，我终于明白了75年前那个重大历史抉择_71f87b685a31.md
低置信抽检,5049,中国民主同盟,2023-05-23,大道薪传——中国的民主党派 | 民盟篇,其他/待判,0,,,,,,/Users/cheer/Documents/mllm-wiki-kb/data/raw/中国民主同盟/2023-05-23_大道薪传——中国的民主党派 _ 民盟篇_c6f73fbec835.md
低置信抽检,8890,群言杂志,2023-06-16,帕米尔明珠——塔什库尔干,其他/待判,0,,,,,,/Users/cheer/Documents/mllm-wiki-kb/data/raw/群言杂志/2023-06-16_帕米尔明珠——塔什库尔干_0f134d7342e6.md
其他/待判抽检,2932,中国民主同盟,2015-07-15,《七子之歌》节选,其他/待判,0,,,,,,/Users/cheer/Documents/mllm-wiki-kb/data/raw/中国民主同盟/2015-07-15_《七子之歌》节选_fd0bde35ee6c.md
其他/待判抽检,9243,群言杂志,2016-07-22,认识糖尿病,其他/待判,0,,,,,,/Users/cheer/Documents/mllm-wiki-kb/data/raw/群言杂志/2016-07-22_认识糖尿病_68096dc4352f.md
其他/待判抽检,8860,群言杂志,2016-08-06,季羡林：我写我,其他/待判,0,,,,,,/Users/cheer/Documents/mllm-wiki-kb/data/raw/群言杂志/2016-08-06_季羡林：我写我_989303a0418a.md
其他/待判抽检,8792,群言杂志,2016-11-02,固守尊严,其他/待判,0,,,,,,/Users/cheer/Documents/mllm-wiki-kb/data/raw/群言杂志/2016-11-02_固守尊严_1268aecfd014.md
其他/待判抽检,9209,群言杂志,2016-12-30,老挂历的联想,其他/待判,0,,,,,,/Users/cheer/Documents/mllm-wiki-kb/data/raw/群言杂志/2016-12-30_老挂历的联想_c24b96fa4cf0.md
其他/待判抽检,6008,中国民主同盟,2017-01-26,树高千尺不忘根，水流万里总思源——毛国典老师用“笔墨”回报父老乡亲,其他/待判,0,,,,,,/Users/cheer/Documents/mllm-wiki-kb/data/raw/中国民主同盟/2017-01-26_树高千尺不忘根，水流万里总思源——毛国典老师用“笔墨”回报父老乡亲_50b179988535.md
其他/待判抽检,8758,群言杂志,2017-02-09,叶嘉莹：吟诵，让诗歌的生命延续,其他/待判,0,,上海民盟,,,,/Users/cheer/Documents/mllm-wiki-kb/data/raw/群言杂志/2017-02-09_叶嘉莹：吟诵，让诗歌的生命延续_f4129e13c230.md
其他/待判抽检,8659,群言杂志,2017-03-11,俞敏洪、刘长铭“对话”乡村教育,其他/待判,0,,,,,,/Users/cheer/Documents/mllm-wiki-kb/data/raw/群言杂志/2017-03-11_俞敏洪、刘长铭“对话”乡村教育_dcab0a05df1e.md
其他/待判抽检,9152,群言杂志,2017-04-19,移民问题与美国政治,其他/待判,0,,宣传写作,,,,/Users/cheer/Documents/mllm-wiki-kb/data/raw/群言杂志/2017-04-19_移民问题与美国政治_70439e838ad2.md
其他/待判抽检,8511,群言杂志,2017-04-21,【福建专刊】写在古港帆影里的海外交通史,其他/待判,0,,,,,,/Users/cheer/Documents/mllm-wiki-kb/data/raw/群言杂志/2017-04-21_【福建专刊】写在古港帆影里的海外交通史_097474511ba9.md
其他/待判抽检,8586,群言杂志,2017-05-03,中国要成为文化大国的基础是什么,其他/待判,0,,,,,,/Users/cheer/Documents/mllm-wiki-kb/data/raw/群言杂志/2017-05-03_中国要成为文化大国的基础是什么_766e6d349cb0.md
其他/待判抽检,8452,群言杂志,2017-05-10,【新刊】非西方式文艺复兴与生态社会的来临,其他/待判,0,,,,,,/Users/cheer/Documents/mllm-wiki-kb/data/raw/群言杂志/2017-05-10_【新刊】非西方式文艺复兴与生态社会的来临_ca0387090803.md
其他/待判抽检,8610,群言杂志,2017-06-16,京陇方言妙趣,其他/待判,0,,,,,,/Users/cheer/Documents/mllm-wiki-kb/data/raw/群言杂志/2017-06-16_京陇方言妙趣_ce41628d4387.md
其他/待判抽检,8316,群言杂志,2017-06-28,【上海专刊】方寸之间，有一份上海城市生活备忘录,其他/待判,0,,上海民盟,,,,/Users/cheer/Documents/mllm-wiki-kb/data/raw/群言杂志/2017-06-28_【上海专刊】方寸之间，有一份上海城市生活备忘录_eb928af6a5c5.md
其他/待判抽检,8768,群言杂志,2017-09-22,君子：中华民族千锤百炼的人格基因,其他/待判,0,,,,,,/Users/cheer/Documents/mllm-wiki-kb/data/raw/群言杂志/2017-09-22_君子：中华民族千锤百炼的人格基因_175935da38af.md
其他/待判抽检,3206,中国民主同盟,2017-12-02,@所有人，请您寄语民盟十二大！,其他/待判,0,,宣传写作,,,,/Users/cheer/Documents/mllm-wiki-kb/data/raw/中国民主同盟/2017-12-02_@所有人，请您寄语民盟十二大！_d2c45bbdad67.md
其他/待判抽检,3522,中国民主同盟,2017-12-06,一图带你了解民盟十二大代表是怎样产生的！,其他/待判,0,,,,,,/Users/cheer/Documents/mllm-wiki-kb/data/raw/中国民主同盟/2017-12-06_一图带你了解民盟十二大代表是怎样产生的！_8717b5a8dcff.md
其他/待判抽检,5606,中国民主同盟,2017-12-07,想看民盟十二大开幕式全景吗？小编有“神器”带你去——,其他/待判,0,,,,,,/Users/cheer/Documents/mllm-wiki-kb/data/raw/中国民主同盟/2017-12-07_想看民盟十二大开幕式全景吗？小编有“神器”带你去——_2498874a69ee.md
其他/待判抽检,8816,群言杂志,2017-12-15,夏烈：为什么要提网络文学创作的“中华性”,其他/待判,0,,,,,,/Users/cheer/Documents/mllm-wiki-kb/data/raw/群言杂志/2017-12-15_夏烈：为什么要提网络文学创作的“中华性”_548f004d0b43.md
其他/待判抽检,9128,群言杂志,2018-01-03,电梯间里的人生大戏,其他/待判,0,,,,,,/Users/cheer/Documents/mllm-wiki-kb/data/raw/群言杂志/2018-01-03_电梯间里的人生大戏_8cc2ba4134ce.md
其他/待判抽检,8853,群言杂志,2018-03-08,妇女节，我们来谈谈婚姻,其他/待判,0,,,,,,/Users/cheer/Documents/mllm-wiki-kb/data/raw/群言杂志/2018-03-08_妇女节，我们来谈谈婚姻_45f7769684dd.md
其他/待判抽检,3676,中国民主同盟,2018-03-21,丁仲礼做客人民网强国论坛,其他/待判,0,,,,,,/Users/cheer/Documents/mllm-wiki-kb/data/raw/中国民主同盟/2018-03-21_丁仲礼做客人民网强国论坛_8c3013fe8e90.md
其他/待判抽检,2904,中国民主同盟,2018-05-12,“5·12”感恩 | 汶川：十年淬炼 十年新生,其他/待判,0,,,,,,/Users/cheer/Documents/mllm-wiki-kb/data/raw/中国民主同盟/2018-05-12_“5·12”感恩 _ 汶川：十年淬炼 十年新生_1a4547e26033.md
其他/待判抽检,8825,群言杂志,2018-07-20,大家小文 | 金开诚：漫话清高,其他/待判,0,,,,,,/Users/cheer/Documents/mllm-wiki-kb/data/raw/群言杂志/2018-07-20_大家小文 _ 金开诚：漫话清高_3d9c5bca1a76.md
其他/待判抽检,3532,中国民主同盟,2018-08-02,一带一路 | 在古丝绸之路的起点，他们来了一次精彩的“快闪”秀,其他/待判,0,,宣传写作,,,,/Users/cheer/Documents/mllm-wiki-kb/data/raw/中国民主同盟/2018-08-02_一带一路 _ 在古丝绸之路的起点，他们来了一次精彩的“快闪”秀_a67a2e2d5c96.md
其他/待判抽检,8541,群言杂志,2019-04-24,“鹤岗”热搜冷思考：欧美经验如何让“居者有其屋”,其他/待判,0,,上海民盟,,,,/Users/cheer/Documents/mllm-wiki-kb/data/raw/群言杂志/2019-04-24_“鹤岗”热搜冷思考：欧美经验如何让“居者有其屋”_5105d46f0b5b.md
其他/待判抽检,8887,群言杂志,2019-05-10,工夫茶——杯中见工夫,其他/待判,0,,,,,,/Users/cheer/Documents/mllm-wiki-kb/data/raw/群言杂志/2019-05-10_工夫茶——杯中见工夫_edd4675e1db9.md
其他/待判抽检,8380,群言杂志,2019-05-17,【广东专刊】寻“客”之旅——解密围龙屋,其他/待判,0,,,,,,/Users/cheer/Documents/mllm-wiki-kb/data/raw/群言杂志/2019-05-17_【广东专刊】寻“客”之旅——解密围龙屋_0c43e6f02541.md
其他/待判抽检,9203,群言杂志,2019-05-31,缺铁性贫血，你了解多少？,其他/待判,0,,,,,,/Users/cheer/Documents/mllm-wiki-kb/data/raw/群言杂志/2019-05-31_缺铁性贫血，你了解多少？_ae2a040849a3.md
其他/待判抽检,8986,群言杂志,2019-09-04,推动北方经济快跑，如何对症下药？,其他/待判,0,,上海民盟,,,,/Users/cheer/Documents/mllm-wiki-kb/data/raw/群言杂志/2019-09-04_推动北方经济快跑，如何对症下药？_f2b8cef2dcbf.md
其他/待判抽检,4044,中国民主同盟,2019-10-17,今天，送别敬爱的丁石孙主席,其他/待判,0,,,,,,/Users/cheer/Documents/mllm-wiki-kb/data/raw/中国民主同盟/2019-10-17_今天，送别敬爱的丁石孙主席_6134f1a677c7.md
其他/待判抽检,9225,群言杂志,2020-01-22,节日习俗｜ 北京的年味儿,其他/待判,0,,,,,,/Users/cheer/Documents/mllm-wiki-kb/data/raw/群言杂志/2020-01-22_节日习俗｜ 北京的年味儿_e0667120c9bc.md
其他/待判抽检,7759,中国民主同盟,2020-01-30,致敬逆行者！,其他/待判,0,,,,,,/Users/cheer/Documents/mllm-wiki-kb/data/raw/中国民主同盟/2020-01-30_致敬逆行者！_5f10414ab21e.md
其他/待判抽检,4868,中国民主同盟,2020-02-01,国家卫健委发布权威口罩使用指南！,其他/待判,0,,,,,,/Users/cheer/Documents/mllm-wiki-kb/data/raw/中国民主同盟/2020-02-01_国家卫健委发布权威口罩使用指南！_c459820e3d04.md
其他/待判抽检,8099,中国民主同盟,2020-02-23,防控有成效，拐点尚未来！关键时期，请接力倡议！,其他/待判,0,,,,,,/Users/cheer/Documents/mllm-wiki-kb/data/raw/中国民主同盟/2020-02-23_防控有成效，拐点尚未来！关键时期，请接力倡议！_1d73f32a1359.md
其他/待判抽检,5986,中国民主同盟,2020-03-07,李医生收到了一封道歉信,其他/待判,0,,,,,,/Users/cheer/Documents/mllm-wiki-kb/data/raw/中国民主同盟/2020-03-07_李医生收到了一封道歉信_27f8bfd199df.md
其他/待判抽检,2349,上海民盟,2020-03-24,赵红军：新冠疫情给中国经济带来的转型机遇,其他/待判,0,,上海民盟,,,,/Users/cheer/Documents/mllm-wiki-kb/data/raw/上海民盟/2020-03-24_赵红军：新冠疫情给中国经济带来的转型机遇_058b0744b3fd.md
其他/待判抽检,1968,上海民盟,2020-04-17,猜一猜，哪些盟员企业家将现身这个论坛？,其他/待判,0,,上海民盟,,,,/Users/cheer/Documents/mllm-wiki-kb/data/raw/上海民盟/2020-04-17_猜一猜，哪些盟员企业家将现身这个论坛？_0730f7a2862e.md
其他/待判抽检,4766,中国民主同盟,2020-05-01,向劳动者们致敬！,其他/待判,0,,,,,,/Users/cheer/Documents/mllm-wiki-kb/data/raw/中国民主同盟/2020-05-01_向劳动者们致敬！_37b57c333dcf.md
其他/待判抽检,6488,中国民主同盟,2020-05-09,民盟中央部分扶贫联系地区电商平台,其他/待判,0,,,,,,/Users/cheer/Documents/mllm-wiki-kb/data/raw/中国民主同盟/2020-05-09_民盟中央部分扶贫联系地区电商平台_f26322b9b313.md
其他/待判抽检,6023,中国民主同盟,2020-05-10,母亲节 丨 梁晓声朗读：《慈母情深》,其他/待判,0,,,,,,/Users/cheer/Documents/mllm-wiki-kb/data/raw/中国民主同盟/2020-05-10_母亲节 丨 梁晓声朗读：《慈母情深》_7087f5ba2f29.md
其他/待判抽检,8400,群言杂志,2020-06-05,【征文选登】老街的“热胀冷缩”,其他/待判,0,,,,,,/Users/cheer/Documents/mllm-wiki-kb/data/raw/群言杂志/2020-06-05_【征文选登】老街的“热胀冷缩”_07ecf369b2e4.md
其他/待判抽检,8629,群言杂志,2020-07-22,从反性侵到性别平等——社会共识的进步与未竟,其他/待判,0,,宣传写作,,,,/Users/cheer/Documents/mllm-wiki-kb/data/raw/群言杂志/2020-07-22_从反性侵到性别平等——社会共识的进步与未竟_db9dc32fb95e.md
其他/待判抽检,9230,群言杂志,2020-08-28,茶香氤氲，战马嘶鸣——西夏故国怀古,其他/待判,0,,,,,,/Users/cheer/Documents/mllm-wiki-kb/data/raw/群言杂志/2020-08-28_茶香氤氲，战马嘶鸣——西夏故国怀古_a5af65f2c880.md
其他/待判抽检,8838,群言杂志,2020-09-02,失独的“次生灾难”及其综合应对,其他/待判,0,,宣传写作,,,,/Users/cheer/Documents/mllm-wiki-kb/data/raw/群言杂志/2020-09-02_失独的“次生灾难”及其综合应对_6b470aff130b.md
其他/待判抽检,5172,中国民主同盟,2020-10-01,家国共团圆！,其他/待判,0,,,,,,/Users/cheer/Documents/mllm-wiki-kb/data/raw/中国民主同盟/2020-10-01_家国共团圆！_7f2f2bd948f1.md
其他/待判抽检,4813,中国民主同盟,2020-10-12,吴为山捐赠钱伟长、费孝通铜像：“塑他们的同时，他们也在塑造着我”,其他/待判,0,,上海民盟,,,,/Users/cheer/Documents/mllm-wiki-kb/data/raw/中国民主同盟/2020-10-12_吴为山捐赠钱伟长、费孝通铜像：“塑他们的同时，他们也在塑造着我”_2d0dc586a6ab.md
其他/待判抽检,5582,中国民主同盟,2021-01-01,快来查收！这是习主席给你的新年贺卡,其他/待判,0,,,,,,/Users/cheer/Documents/mllm-wiki-kb/data/raw/中国民主同盟/2021-01-01_快来查收！这是习主席给你的新年贺卡_601505e2db55.md
其他/待判抽检,5072,中国民主同盟,2021-03-08,她说 | 窦希萍代表：保护和利用好黄金水道,其他/待判,0,,,,,,/Users/cheer/Documents/mllm-wiki-kb/data/raw/中国民主同盟/2021-03-08_她说 _ 窦希萍代表：保护和利用好黄金水道_504d76bbe8be.md
其他/待判抽检,3028,中国民主同盟,2021-03-18,@全体民盟盟员，快跟上！接力为她送祝福,其他/待判,0,,,,,,/Users/cheer/Documents/mllm-wiki-kb/data/raw/中国民主同盟/2021-03-18_@全体民盟盟员，快跟上！接力为她送祝福_5185707ffdab.md
其他/待判抽检,6119,中国民主同盟,2021-04-27,民盟80年•微纪录丨英雄城 民盟人,其他/待判,0,,80周年,,,,/Users/cheer/Documents/mllm-wiki-kb/data/raw/中国民主同盟/2021-04-27_民盟80年•微纪录丨英雄城 民盟人_6f3fbd532fdf.md
其他/待判抽检,6202,中国民主同盟,2021-05-10,(unknown),其他/待判,0,,,,,,/Users/cheer/Documents/mllm-wiki-kb/data/raw/中国民主同盟/2021-05-10_(unknown)_4df77878f59b.md
其他/待判抽检,6122,中国民主同盟,2021-05-31,民盟80年•心声丨“感谢组织信任我！”,其他/待判,0,,80周年,,,,/Users/cheer/Documents/mllm-wiki-kb/data/raw/中国民主同盟/2021-05-31_民盟80年•心声丨“感谢组织信任我！”_2bfaba8380b7.md
其他/待判抽检,3449,中国民主同盟,2021-06-02,(unknown),其他/待判,0,,,,,,/Users/cheer/Documents/mllm-wiki-kb/data/raw/中国民主同盟/2021-06-02_(unknown)_b9d388649f50.md
其他/待判抽检,370,上海民盟,2021-06-30,一幅壮美长卷，纵览党的统一战线历史瞬间,其他/待判,0,,上海民盟,,,,/Users/cheer/Documents/mllm-wiki-kb/data/raw/上海民盟/2021-06-30_一幅壮美长卷，纵览党的统一战线历史瞬间_f59832344c58.md
其他/待判抽检,5246,中国民主同盟,2021-06-30,建党100周年 | 一幅壮美长卷，纵览党的统一战线历史瞬间！,其他/待判,0,,,,,,/Users/cheer/Documents/mllm-wiki-kb/data/raw/中国民主同盟/2021-06-30_建党100周年 _ 一幅壮美长卷，纵览党的统一战线历史瞬间！_1fe95a35e3e7.md
其他/待判抽检,6935,中国民主同盟,2021-07-06,永远跟党走 | 汕尾民盟深情献唱《同心圆》,其他/待判,0,,80周年,,,,/Users/cheer/Documents/mllm-wiki-kb/data/raw/中国民主同盟/2021-07-06_永远跟党走 _ 汕尾民盟深情献唱《同心圆》_26c62bb2a81b.md
其他/待判抽检,8388,群言杂志,2021-11-16,【征文选登】从淤泥里开出一朵莲花,其他/待判,0,,上海民盟,,,,/Users/cheer/Documents/mllm-wiki-kb/data/raw/群言杂志/2021-11-16_【征文选登】从淤泥里开出一朵莲花_01b1e2676593.md
其他/待判抽检,7808,中国民主同盟,2021-11-17,要点速览｜《中共中央关于党的百年奋斗重大成就和历史经验的决议》,其他/待判,0,,,,,,/Users/cheer/Documents/mllm-wiki-kb/data/raw/中国民主同盟/2021-11-17_要点速览｜《中共中央关于党的百年奋斗重大成就和历史经验的决议》_d013d5bea54c.md
其他/待判抽检,8405,群言杂志,2021-11-23,【征文选登】飘香的爆米花,其他/待判,0,,宣传写作,,,,/Users/cheer/Documents/mllm-wiki-kb/data/raw/群言杂志/2021-11-23_【征文选登】飘香的爆米花_d304a9328095.md
其他/待判抽检,8735,群言杂志,2021-12-01,千年汉阳城，百年汉阳造,其他/待判,0,,,,,,/Users/cheer/Documents/mllm-wiki-kb/data/raw/群言杂志/2021-12-01_千年汉阳城，百年汉阳造_0272ae2dadac.md
其他/待判抽检,8576,群言杂志,2021-12-11,中国“入世”20周年漫谈,其他/待判,0,,,,,,/Users/cheer/Documents/mllm-wiki-kb/data/raw/群言杂志/2021-12-11_中国“入世”20周年漫谈_0d17afbcca13.md
其他/待判抽检,779,上海民盟,2021-12-31,传承沪商精神 传唱《沪商之歌》,其他/待判,0,,上海民盟,,,,/Users/cheer/Documents/mllm-wiki-kb/data/raw/上海民盟/2021-12-31_传承沪商精神 传唱《沪商之歌》_1e8c848c7ded.md
其他/待判抽检,2271,上海民盟,2022-05-01,致敬劳动者！众志成城，决战决胜！,其他/待判,0,,上海民盟,,,,/Users/cheer/Documents/mllm-wiki-kb/data/raw/上海民盟/2022-05-01_致敬劳动者！众志成城，决战决胜！_389c62a18e9c.md
其他/待判抽检,8559,群言杂志,2022-05-30,不断向前的数字经济治理,其他/待判,0,,,,,,/Users/cheer/Documents/mllm-wiki-kb/data/raw/群言杂志/2022-05-30_不断向前的数字经济治理_9ec415ea0e36.md
其他/待判抽检,9229,群言杂志,2022-07-27,茶行世界 —— 一片树叶的环球历程,其他/待判,0,,宣传写作,,,,/Users/cheer/Documents/mllm-wiki-kb/data/raw/群言杂志/2022-07-27_茶行世界 —— 一片树叶的环球历程_b897de2b7ddd.md
其他/待判抽检,2363,上海民盟,2022-09-10,迎中秋，谢师恩，民盟市委送上“双节”祝福,其他/待判,0,,上海民盟,,,,/Users/cheer/Documents/mllm-wiki-kb/data/raw/上海民盟/2022-09-10_迎中秋，谢师恩，民盟市委送上“双节”祝福_16c803d1b657.md
其他/待判抽检,9139,群言杂志,2022-09-21,直播带货新风口——企业自播,其他/待判,0,,,,,,/Users/cheer/Documents/mllm-wiki-kb/data/raw/群言杂志/2022-09-21_直播带货新风口——企业自播_98ed23e73052.md
其他/待判抽检,4858,中国民主同盟,2022-10-09,喜迎中共二十大 | 民盟济宁市委会：跟着共产党走,其他/待判,0,,,,,,/Users/cheer/Documents/mllm-wiki-kb/data/raw/中国民主同盟/2022-10-09_喜迎中共二十大 _ 民盟济宁市委会：跟着共产党走_bb979def1dc0.md
其他/待判抽检,3839,中国民主同盟,2022-10-20,中共二十大报告中的新表述新概括新论断,其他/待判,0,,,,,,/Users/cheer/Documents/mllm-wiki-kb/data/raw/中国民主同盟/2022-10-20_中共二十大报告中的新表述新概括新论断_7e56f2f32011.md
其他/待判抽检,3840,中国民主同盟,2022-10-31,中共二十大报告学习笔记,其他/待判,0,,,,,,/Users/cheer/Documents/mllm-wiki-kb/data/raw/中国民主同盟/2022-10-31_中共二十大报告学习笔记_1f67efcb9612.md
其他/待判抽检,8757,群言杂志,2022-11-28,史铁生：地坛精神建筑的一部分,其他/待判,0,,上海民盟,,,,/Users/cheer/Documents/mllm-wiki-kb/data/raw/群言杂志/2022-11-28_史铁生：地坛精神建筑的一部分_a768712adf2f.md
其他/待判抽检,3521,中国民主同盟,2022-12-20,一图带你了解民盟十三大代表是怎样产生的！,其他/待判,0,,,,,,/Users/cheer/Documents/mllm-wiki-kb/data/raw/中国民主同盟/2022-12-20_一图带你了解民盟十三大代表是怎样产生的！_25906dbe079c.md
其他/待判抽检,8782,群言杂志,2023-01-06,唐朝人的樱桃情结,其他/待判,0,,,,,,/Users/cheer/Documents/mllm-wiki-kb/data/raw/群言杂志/2023-01-06_唐朝人的樱桃情结_3bc93006a8aa.md
其他/待判抽检,5588,中国民主同盟,2023-01-20,总书记的新春祝福~,其他/待判,0,,,,,,/Users/cheer/Documents/mllm-wiki-kb/data/raw/中国民主同盟/2023-01-20_总书记的新春祝福~_28adb2a31c8f.md
其他/待判抽检,3496,中国民主同盟,2023-03-11,【重磅】国家主席习近平签署主席令，任命李强为中华人民共和国国务院总理,其他/待判,0,,,,,,/Users/cheer/Documents/mllm-wiki-kb/data/raw/中国民主同盟/2023-03-11_【重磅】国家主席习近平签署主席令，任命李强为中华人民共和国国务院总理_82ac1c6e1bd4.md
其他/待判抽检,9094,群言杂志,2023-04-05,清明节｜回乡扫墓,其他/待判,0,,,,,,/Users/cheer/Documents/mllm-wiki-kb/data/raw/群言杂志/2023-04-05_清明节｜回乡扫墓_cd2213204be6.md
其他/待判抽检,7639,中国民主同盟,2023-04-27,翻开这一页，我终于明白了75年前那个重大历史抉择......,其他/待判,0,,,,,,/Users/cheer/Documents/mllm-wiki-kb/data/raw/中国民主同盟/2023-04-27_翻开这一页，我终于明白了75年前那个重大历史抉择_71f87b685a31.md
其他/待判抽检,5049,中国民主同盟,2023-05-23,大道薪传——中国的民主党派 | 民盟篇,其他/待判,0,,,,,,/Users/cheer/Documents/mllm-wiki-kb/data/raw/中国民主同盟/2023-05-23_大道薪传——中国的民主党派 _ 民盟篇_c6f73fbec835.md
其他/待判抽检,8890,群言杂志,2023-06-16,帕米尔明珠——塔什库尔干,其他/待判,0,,,,,,/Users/cheer/Documents/mllm-wiki-kb/data/raw/群言杂志/2023-06-16_帕米尔明珠——塔什库尔干_0f134d7342e6.md
