priority_score,article_id,account,published_at,title,current_type,classification_confidence,suggested_type,suggested_type_name,priority_reasons,matched_keywords,topic_tags,review_result,review_note,raw_path
105,7327,中国民主同盟,2015-07-22,盟员美术展集萃（馆藏作品）,其他/待判,,person_profile,人物采访/人物风采,其他/待判中疑似人物文章；建议复核为:人物采访/人物风采；当前为其他/待判；置信度较低:0,,,,,/Users/cheer/Documents/mllm-wiki-kb/data/raw/中国民主同盟/2015-07-22_盟员美术展集萃（馆藏作品）_a65c7ca1eeb7.md
105,3292,中国民主同盟,2015-07-30,【盟员美术大师】刘海粟,其他/待判,,person_profile,人物采访/人物风采,其他/待判中疑似人物文章；建议复核为:人物采访/人物风采；当前为其他/待判；置信度较低:0,,上海民盟,,,/Users/cheer/Documents/mllm-wiki-kb/data/raw/中国民主同盟/2015-07-30_【盟员美术大师】刘海粟_fa090a89a42b.md
105,3294,中国民主同盟,2015-09-23,【盟员美术大师】刘海粟作品集萃,其他/待判,,person_profile,人物采访/人物风采,其他/待判中疑似人物文章；建议复核为:人物采访/人物风采；当前为其他/待判；置信度较低:0,,,,,/Users/cheer/Documents/mllm-wiki-kb/data/raw/中国民主同盟/2015-09-23_【盟员美术大师】刘海粟作品集萃_a9df7746dd88.md
105,4704,中国民主同盟,2016-12-13,印尼发生6.5级地震，民盟盟员何军的“小黄人”分队再次出发！,其他/待判,,person_profile,人物采访/人物风采,其他/待判中疑似人物文章；建议复核为:人物采访/人物风采；当前为其他/待判；置信度较低:0,,上海民盟、宣传写作,,,/Users/cheer/Documents/mllm-wiki-kb/data/raw/中国民主同盟/2016-12-13_印尼发生6.5级地震，民盟盟员何军的“小黄人”分队再次出发！_1666ab60692a.md
105,4102,中国民主同盟,2017-12-08,代表访谈微视频 | 民盟上海市委主委陈群,其他/待判,,person_profile,人物采访/人物风采,其他/待判中疑似人物文章；建议复核为:人物采访/人物风采；当前为其他/待判；置信度较低:0,,上海民盟,,,/Users/cheer/Documents/mllm-wiki-kb/data/raw/中国民主同盟/2017-12-08_代表访谈微视频 _ 民盟上海市委主委陈群_003a713be5bf.md
105,4103,中国民主同盟,2017-12-08,代表访谈微视频 | 民盟北京市委主委程红,其他/待判,,person_profile,人物采访/人物风采,其他/待判中疑似人物文章；建议复核为:人物采访/人物风采；当前为其他/待判；置信度较低:0,,,,,/Users/cheer/Documents/mllm-wiki-kb/data/raw/中国民主同盟/2017-12-08_代表访谈微视频 _ 民盟北京市委主委程红_e7923c9456b3.md
105,4104,中国民主同盟,2017-12-08,代表访谈微视频 | 民盟江苏省委主委胡刚,其他/待判,,person_profile,人物采访/人物风采,其他/待判中疑似人物文章；建议复核为:人物采访/人物风采；当前为其他/待判；置信度较低:0,,,,,/Users/cheer/Documents/mllm-wiki-kb/data/raw/中国民主同盟/2017-12-08_代表访谈微视频 _ 民盟江苏省委主委胡刚_2cb8e6885357.md
105,4105,中国民主同盟,2017-12-08,代表访谈微视频 | 民盟福建省委主委阮诗玮,其他/待判,,person_profile,人物采访/人物风采,其他/待判中疑似人物文章；建议复核为:人物采访/人物风采；当前为其他/待判；置信度较低:0,,,,,/Users/cheer/Documents/mllm-wiki-kb/data/raw/中国民主同盟/2017-12-08_代表访谈微视频 _ 民盟福建省委主委阮诗玮_a960f2445056.md
105,4106,中国民主同盟,2017-12-08,代表访谈微视频 | 民盟黑龙江省委主委赵雨森,其他/待判,,person_profile,人物采访/人物风采,其他/待判中疑似人物文章；建议复核为:人物采访/人物风采；当前为其他/待判；置信度较低:0,,,,,/Users/cheer/Documents/mllm-wiki-kb/data/raw/中国民主同盟/2017-12-08_代表访谈微视频 _ 民盟黑龙江省委主委赵雨森_58b5e3b54c5d.md
105,4107,中国民主同盟,2017-12-08,代表访谈微视频 | 民盟云南省委主委徐彬,其他/待判,,person_profile,人物采访/人物风采,其他/待判中疑似人物文章；建议复核为:人物采访/人物风采；当前为其他/待判；置信度较低:0,,,,,/Users/cheer/Documents/mllm-wiki-kb/data/raw/中国民主同盟/2017-12-08_代表访谈微视频 _ 民盟云南省委主委徐彬_0d2b425e5331.md
105,4110,中国民主同盟,2017-12-08,代表访谈微视频 | 民盟四川省委主委赵振铣,其他/待判,,person_profile,人物采访/人物风采,其他/待判中疑似人物文章；建议复核为:人物采访/人物风采；当前为其他/待判；置信度较低:0,,,,,/Users/cheer/Documents/mllm-wiki-kb/data/raw/中国民主同盟/2017-12-08_代表访谈微视频 _ 民盟四川省委主委赵振铣_2ec6c955cd41.md
105,4114,中国民主同盟,2017-12-08,代表访谈微视频 | 民盟广东省委主委王学成,其他/待判,,person_profile,人物采访/人物风采,其他/待判中疑似人物文章；建议复核为:人物采访/人物风采；当前为其他/待判；置信度较低:0,,,,,/Users/cheer/Documents/mllm-wiki-kb/data/raw/中国民主同盟/2017-12-08_代表访谈微视频 _ 民盟广东省委主委王学成_822056d607ae.md
105,4117,中国民主同盟,2017-12-08,代表访谈微视频 | 民盟海南省委主委康耀红,其他/待判,,person_profile,人物采访/人物风采,其他/待判中疑似人物文章；建议复核为:人物采访/人物风采；当前为其他/待判；置信度较低:0,,,,,/Users/cheer/Documents/mllm-wiki-kb/data/raw/中国民主同盟/2017-12-08_代表访谈微视频 _ 民盟海南省委主委康耀红_20409577f9a6.md
105,4109,中国民主同盟,2017-12-09,代表访谈微视频 | 民盟吉林省委副主委郝东云,其他/待判,,person_profile,人物采访/人物风采,其他/待判中疑似人物文章；建议复核为:人物采访/人物风采；当前为其他/待判；置信度较低:0,,,,,/Users/cheer/Documents/mllm-wiki-kb/data/raw/中国民主同盟/2017-12-09_代表访谈微视频 _ 民盟吉林省委副主委郝东云_bd11df2782c8.md
105,4111,中国民主同盟,2017-12-09,代表访谈微视频 | 民盟天津市委副主委郭景平,其他/待判,,person_profile,人物采访/人物风采,其他/待判中疑似人物文章；建议复核为:人物采访/人物风采；当前为其他/待判；置信度较低:0,,,,,/Users/cheer/Documents/mllm-wiki-kb/data/raw/中国民主同盟/2017-12-09_代表访谈微视频 _ 民盟天津市委副主委郭景平_f209f7bda7e1.md
105,4113,中国民主同盟,2017-12-09,代表访谈微视频 | 民盟安徽省委副主委韩卉,其他/待判,,person_profile,人物采访/人物风采,其他/待判中疑似人物文章；建议复核为:人物采访/人物风采；当前为其他/待判；置信度较低:0,,,,,/Users/cheer/Documents/mllm-wiki-kb/data/raw/中国民主同盟/2017-12-09_代表访谈微视频 _ 民盟安徽省委副主委韩卉_3dcc401d9b89.md
105,4121,中国民主同盟,2017-12-09,代表访谈微视频 | 辽宁省社会科学院财政金融研究所所长张献和,其他/待判,,person_profile,人物采访/人物风采,其他/待判中疑似人物文章；建议复核为:人物采访/人物风采；当前为其他/待判；置信度较低:0,,,,,/Users/cheer/Documents/mllm-wiki-kb/data/raw/中国民主同盟/2017-12-09_代表访谈微视频 _ 辽宁省社会科学院财政金融研究所所长张献和_0ef3e7e796c1.md
105,4115,中国民主同盟,2017-12-10,代表访谈微视频 | 民盟江西省委副主委陈文华,其他/待判,,person_profile,人物采访/人物风采,其他/待判中疑似人物文章；建议复核为:人物采访/人物风采；当前为其他/待判；置信度较低:0,,,,,/Users/cheer/Documents/mllm-wiki-kb/data/raw/中国民主同盟/2017-12-10_代表访谈微视频 _ 民盟江西省委副主委陈文华_1ee6de723bd2.md
105,4116,中国民主同盟,2017-12-10,代表访谈微视频 | 民盟河南省委副主委魏世忠,其他/待判,,person_profile,人物采访/人物风采,其他/待判中疑似人物文章；建议复核为:人物采访/人物风采；当前为其他/待判；置信度较低:0,,,,,/Users/cheer/Documents/mllm-wiki-kb/data/raw/中国民主同盟/2017-12-10_代表访谈微视频 _ 民盟河南省委副主委魏世忠_37338b912301.md
105,4118,中国民主同盟,2017-12-10,代表访谈微视频 | 民盟贵州省委秘书长王明亮,其他/待判,,person_profile,人物采访/人物风采,其他/待判中疑似人物文章；建议复核为:人物采访/人物风采；当前为其他/待判；置信度较低:0,,,,,/Users/cheer/Documents/mllm-wiki-kb/data/raw/中国民主同盟/2017-12-10_代表访谈微视频 _ 民盟贵州省委秘书长王明亮_c04530ff848e.md
105,4119,中国民主同盟,2017-12-10,代表访谈微视频 | 民盟重庆市委副主委黄燕苹,其他/待判,,person_profile,人物采访/人物风采,其他/待判中疑似人物文章；建议复核为:人物采访/人物风采；当前为其他/待判；置信度较低:0,,,,,/Users/cheer/Documents/mllm-wiki-kb/data/raw/中国民主同盟/2017-12-10_代表访谈微视频 _ 民盟重庆市委副主委黄燕苹_5a03fbb524bb.md
105,4120,中国民主同盟,2017-12-10,代表访谈微视频 | 民盟陇南市委主委高天佑,其他/待判,,person_profile,人物采访/人物风采,其他/待判中疑似人物文章；建议复核为:人物采访/人物风采；当前为其他/待判；置信度较低:0,,,,,/Users/cheer/Documents/mllm-wiki-kb/data/raw/中国民主同盟/2017-12-10_代表访谈微视频 _ 民盟陇南市委主委高天佑_a85e02141aa5.md
105,5713,中国民主同盟,2019-01-18,我在南极做科考 | 民盟盟员胡小刚中山站极地科考记,其他/待判,,person_profile,人物采访/人物风采,其他/待判中疑似人物文章；建议复核为:人物采访/人物风采；当前为其他/待判；置信度较低:0,,,,,/Users/cheer/Documents/mllm-wiki-kb/data/raw/中国民主同盟/2019-01-18_我在南极做科考 _ 民盟盟员胡小刚中山站极地科考记_a2fd94a5fb49.md
105,2897,中国民主同盟,2019-05-21,99岁仍奋战在临床一线 民盟盟员张效房被央视报道,其他/待判,,person_profile,人物采访/人物风采,其他/待判中疑似人物文章；建议复核为:人物采访/人物风采；当前为其他/待判；置信度较低:0,,宣传写作,,,/Users/cheer/Documents/mllm-wiki-kb/data/raw/中国民主同盟/2019-05-21_99岁仍奋战在临床一线 民盟盟员张效房被央视报道_99606caca4fd.md
105,5690,中国民主同盟,2019-09-24,我和我的祖国 | 民盟石景山区工委盟员深情歌声献礼祖国！,其他/待判,,person_profile,人物采访/人物风采,其他/待判中疑似人物文章；建议复核为:人物采访/人物风采；当前为其他/待判；置信度较低:0,,80周年,,,/Users/cheer/Documents/mllm-wiki-kb/data/raw/中国民主同盟/2019-09-24_我和我的祖国 _ 民盟石景山区工委盟员深情歌声献礼祖国！_8c027746f4c1.md
105,5659,中国民主同盟,2019-09-26,我和我的祖国 | 四川盟员马薇与千名群众成都街头唱响《我和我的祖国》！,其他/待判,,person_profile,人物采访/人物风采,其他/待判中疑似人物文章；建议复核为:人物采访/人物风采；当前为其他/待判；置信度较低:0,,,,,/Users/cheer/Documents/mllm-wiki-kb/data/raw/中国民主同盟/2019-09-26_我和我的祖国 _ 四川盟员马薇与千名群众成都街头唱响《我和我的祖国》！_f522cc465579.md
105,5663,中国民主同盟,2019-09-28,我和我的祖国 | 孔孟之乡传来盟员们最深情的告白与祝福！,其他/待判,,person_profile,人物采访/人物风采,其他/待判中疑似人物文章；建议复核为:人物采访/人物风采；当前为其他/待判；置信度较低:0,,,,,/Users/cheer/Documents/mllm-wiki-kb/data/raw/中国民主同盟/2019-09-28_我和我的祖国 _ 孔孟之乡传来盟员们最深情的告白与祝福！_51f9c9961faa.md
105,5704,中国民主同盟,2019-09-30,我和我的祖国 | 革命老区沂蒙山传来临沂盟员们深情的祝福！,其他/待判,,person_profile,人物采访/人物风采,其他/待判中疑似人物文章；建议复核为:人物采访/人物风采；当前为其他/待判；置信度较低:0,,80周年,,,/Users/cheer/Documents/mllm-wiki-kb/data/raw/中国民主同盟/2019-09-30_我和我的祖国 _ 革命老区沂蒙山传来临沂盟员们深情的祝福！_9fd862748c2f.md
105,5702,中国民主同盟,2019-10-02,我和我的祖国 | 西子湖畔传来杭州盟员们最诚挚的祝福！,其他/待判,,person_profile,人物采访/人物风采,其他/待判中疑似人物文章；建议复核为:人物采访/人物风采；当前为其他/待判；置信度较低:0,,,,,/Users/cheer/Documents/mllm-wiki-kb/data/raw/中国民主同盟/2019-10-02_我和我的祖国 _ 西子湖畔传来杭州盟员们最诚挚的祝福！_39e25d99bd48.md
105,4137,中国民主同盟,2019-12-20,优秀！内地青年和港澳同胞共唱《守护》，词曲作者及内地男主唱是咱民盟盟员！,其他/待判,,person_profile,人物采访/人物风采,其他/待判中疑似人物文章；建议复核为:人物采访/人物风采；当前为其他/待判；置信度较低:0,,,,,/Users/cheer/Documents/mllm-wiki-kb/data/raw/中国民主同盟/2019-12-20_优秀！内地青年和港澳同胞共唱《守护》，词曲作者及内地男主唱是咱民盟盟员！_2ad259c4b15c.md
105,3208,中国民主同盟,2020-02-02,​抗击疫灾，我们同在 | 盟员美术家以笔寄愿,其他/待判,,person_profile,人物采访/人物风采,其他/待判中疑似人物文章；建议复核为:人物采访/人物风采；当前为其他/待判；置信度较低:0,,,,,/Users/cheer/Documents/mllm-wiki-kb/data/raw/中国民主同盟/2020-02-02_​抗击疫灾，我们同在 _ 盟员美术家以笔寄愿_ac9c166c79e6.md
105,7747,中国民主同盟,2020-02-19,致敬！115位盟员医卫工作者逆向而行，驰援湖北抗疫一线！,其他/待判,,person_profile,人物采访/人物风采,其他/待判中疑似人物文章；建议复核为:人物采访/人物风采；当前为其他/待判；置信度较低:0,,,,,/Users/cheer/Documents/mllm-wiki-kb/data/raw/中国民主同盟/2020-02-19_致敬！115位盟员医卫工作者逆向而行，驰援湖北抗疫一线！_159c3ae2b58e.md
105,3210,中国民主同盟,2020-02-20,​抗击疫灾，我们同在 | 盟员美术家以笔寄愿 （三）,其他/待判,,person_profile,人物采访/人物风采,其他/待判中疑似人物文章；建议复核为:人物采访/人物风采；当前为其他/待判；置信度较低:0,,,,,/Users/cheer/Documents/mllm-wiki-kb/data/raw/中国民主同盟/2020-02-20_​抗击疫灾，我们同在 _ 盟员美术家以笔寄愿 （三）_5df4466619d4.md
105,3214,中国民主同盟,2020-02-21,​抗击疫灾，我们同在 | 盟员美术家以笔寄愿 （四）,其他/待判,,person_profile,人物采访/人物风采,其他/待判中疑似人物文章；建议复核为:人物采访/人物风采；当前为其他/待判；置信度较低:0,,,,,/Users/cheer/Documents/mllm-wiki-kb/data/raw/中国民主同盟/2020-02-21_​抗击疫灾，我们同在 _ 盟员美术家以笔寄愿 （四）_4433de54e4a1.md
105,3209,中国民主同盟,2020-03-03,​抗击疫灾，我们同在 | 盟员美术家以笔寄愿 （七）,其他/待判,,person_profile,人物采访/人物风采,其他/待判中疑似人物文章；建议复核为:人物采访/人物风采；当前为其他/待判；置信度较低:0,,,,,/Users/cheer/Documents/mllm-wiki-kb/data/raw/中国民主同盟/2020-03-03_​抗击疫灾，我们同在 _ 盟员美术家以笔寄愿 （七）_8d6218ff3de5.md
105,947,上海民盟,2020-03-05,动听！华东师大盟员创作新歌《风月同天》致敬一线,其他/待判,,person_profile,人物采访/人物风采,其他/待判中疑似人物文章；建议复核为:人物采访/人物风采；当前为其他/待判；置信度较低:0,,上海民盟,,,/Users/cheer/Documents/mllm-wiki-kb/data/raw/上海民盟/2020-03-05_动听！华东师大盟员创作新歌《风月同天》致敬一线_0863934a41d3.md
105,5746,中国民主同盟,2020-03-16,抗击疫灾，我们同在 | 盟员美术家以笔寄愿 （八）,其他/待判,,person_profile,人物采访/人物风采,其他/待判中疑似人物文章；建议复核为:人物采访/人物风采；当前为其他/待判；置信度较低:0,,,,,/Users/cheer/Documents/mllm-wiki-kb/data/raw/中国民主同盟/2020-03-16_抗击疫灾，我们同在 _ 盟员美术家以笔寄愿 （八）_99938207eb48.md
105,5745,中国民主同盟,2020-03-17,抗击疫灾，我们同在 | 盟员美术家以笔寄愿 （九）,其他/待判,,person_profile,人物采访/人物风采,其他/待判中疑似人物文章；建议复核为:人物采访/人物风采；当前为其他/待判；置信度较低:0,,,,,/Users/cheer/Documents/mllm-wiki-kb/data/raw/中国民主同盟/2020-03-17_抗击疫灾，我们同在 _ 盟员美术家以笔寄愿 （九）_fabf9536d0f2.md
105,1968,上海民盟,2020-04-17,猜一猜，哪些盟员企业家将现身这个论坛？,其他/待判,,person_profile,人物采访/人物风采,其他/待判中疑似人物文章；建议复核为:人物采访/人物风采；当前为其他/待判；置信度较低:0,,上海民盟,,,/Users/cheer/Documents/mllm-wiki-kb/data/raw/上海民盟/2020-04-17_猜一猜，哪些盟员企业家将现身这个论坛？_0730f7a2862e.md
105,5585,中国民主同盟,2020-04-28,怎样“延期不停教”？看这位盟员教师的“云”端教学探索,其他/待判,,person_profile,人物采访/人物风采,其他/待判中疑似人物文章；建议复核为:人物采访/人物风采；当前为其他/待判；置信度较低:0,,,,,/Users/cheer/Documents/mllm-wiki-kb/data/raw/中国民主同盟/2020-04-28_怎样“延期不停教”？看这位盟员教师的“云”端教学探索_53d8411da3de.md
105,4665,中国民主同盟,2020-05-01,劳动最光荣|盟员美术大师笔下的劳动者,其他/待判,,person_profile,人物采访/人物风采,其他/待判中疑似人物文章；建议复核为:人物采访/人物风采；当前为其他/待判；置信度较低:0,,宣传写作,,,/Users/cheer/Documents/mllm-wiki-kb/data/raw/中国民主同盟/2020-05-01_劳动最光荣_盟员美术大师笔下的劳动者_3fa404ba8805.md
105,4968,中国民主同盟,2020-07-01,夜听 | 民盟盟员原创歌曲《走来》,其他/待判,,person_profile,人物采访/人物风采,其他/待判中疑似人物文章；建议复核为:人物采访/人物风采；当前为其他/待判；置信度较低:0,,,,,/Users/cheer/Documents/mllm-wiki-kb/data/raw/中国民主同盟/2020-07-01_夜听 _ 民盟盟员原创歌曲《走来》_b830672a4997.md
105,5719,中国民主同盟,2020-08-19,战“疫” | 新疆盟员刘琳：不再扒窗看世界,其他/待判,,person_profile,人物采访/人物风采,其他/待判中疑似人物文章；建议复核为:人物采访/人物风采；当前为其他/待判；置信度较低:0,,,,,/Users/cheer/Documents/mllm-wiki-kb/data/raw/中国民主同盟/2020-08-19_战“疫” _ 新疆盟员刘琳：不再扒窗看世界_9cda6c3d66a2.md
105,3028,中国民主同盟,2021-03-18,@全体民盟盟员，快跟上！接力为她送祝福,其他/待判,,person_profile,人物采访/人物风采,其他/待判中疑似人物文章；建议复核为:人物采访/人物风采；当前为其他/待判；置信度较低:0,,,,,/Users/cheer/Documents/mllm-wiki-kb/data/raw/中国民主同盟/2021-03-18_@全体民盟盟员，快跟上！接力为她送祝福_5185707ffdab.md
105,5637,中国民主同盟,2021-03-18,我和我的民盟 | 南海之滨传来深圳盟员最深情的告白与祝福！,其他/待判,,person_profile,人物采访/人物风采,其他/待判中疑似人物文章；建议复核为:人物采访/人物风采；当前为其他/待判；置信度较低:0,,80周年,,,/Users/cheer/Documents/mllm-wiki-kb/data/raw/中国民主同盟/2021-03-18_我和我的民盟 _ 南海之滨传来深圳盟员最深情的告白与祝福！_e251952602ff.md
105,5638,中国民主同盟,2021-03-18,我和我的民盟 | 太湖之滨传来苏州盟员的深情祝福！,其他/待判,,person_profile,人物采访/人物风采,其他/待判中疑似人物文章；建议复核为:人物采访/人物风采；当前为其他/待判；置信度较低:0,,80周年,,,/Users/cheer/Documents/mllm-wiki-kb/data/raw/中国民主同盟/2021-03-18_我和我的民盟 _ 太湖之滨传来苏州盟员的深情祝福！_013d2ebdcd16.md
105,5641,中国民主同盟,2021-03-20,我和我的民盟 | 浦江两岸传来上海盟员的深情祝福！,其他/待判,,person_profile,人物采访/人物风采,其他/待判中疑似人物文章；建议复核为:人物采访/人物风采；当前为其他/待判；置信度较低:0,,上海民盟、80周年,,,/Users/cheer/Documents/mllm-wiki-kb/data/raw/中国民主同盟/2021-03-20_我和我的民盟 _ 浦江两岸传来上海盟员的深情祝福！_ec682d2341e4.md
105,5642,中国民主同盟,2021-03-20,我和我的民盟 | 特园传来重庆盟员的深情祝福！,其他/待判,,person_profile,人物采访/人物风采,其他/待判中疑似人物文章；建议复核为:人物采访/人物风采；当前为其他/待判；置信度较低:0,,80周年,,,/Users/cheer/Documents/mllm-wiki-kb/data/raw/中国民主同盟/2021-03-20_我和我的民盟 _ 特园传来重庆盟员的深情祝福！_0712542e4ab3.md
105,5643,中国民主同盟,2021-03-21,我和我的民盟 | 西北边陲传来新疆盟员最深情的告白与祝福！,其他/待判,,person_profile,人物采访/人物风采,其他/待判中疑似人物文章；建议复核为:人物采访/人物风采；当前为其他/待判；置信度较低:0,,80周年,,,/Users/cheer/Documents/mllm-wiki-kb/data/raw/中国民主同盟/2021-03-21_我和我的民盟 _ 西北边陲传来新疆盟员最深情的告白与祝福！_6f3862dc1373.md
105,5639,中国民主同盟,2021-03-22,我和我的民盟 | 彩云之南传来云南盟员的深情祝福！,其他/待判,,person_profile,人物采访/人物风采,其他/待判中疑似人物文章；建议复核为:人物采访/人物风采；当前为其他/待判；置信度较低:0,,80周年,,,/Users/cheer/Documents/mllm-wiki-kb/data/raw/中国民主同盟/2021-03-22_我和我的民盟 _ 彩云之南传来云南盟员的深情祝福！_b60a256f6287.md
105,5086,中国民主同盟,2021-05-17,妈妈教我一支歌 | 上海应用技术大学民盟盟员深情演唱——,其他/待判,,person_profile,人物采访/人物风采,其他/待判中疑似人物文章；建议复核为:人物采访/人物风采；当前为其他/待判；置信度较低:0,,上海民盟、80周年,,,/Users/cheer/Documents/mllm-wiki-kb/data/raw/中国民主同盟/2021-05-17_妈妈教我一支歌 _ 上海应用技术大学民盟盟员深情演唱——_421524f0a90c.md
105,6864,中国民主同盟,2021-06-30,民盟盟员雷蕾作曲 缪峰总监制 | 超燃原创MV《百年奋斗 百年荣光》,其他/待判,,person_profile,人物采访/人物风采,其他/待判中疑似人物文章；建议复核为:人物采访/人物风采；当前为其他/待判；置信度较低:0,,,,,/Users/cheer/Documents/mllm-wiki-kb/data/raw/中国民主同盟/2021-06-30_民盟盟员雷蕾作曲 缪峰总监制 _ 超燃原创MV《百年奋斗 百年荣光》_85025672ff6f.md
105,620,上海民盟,2021-09-21,中秋佳节，向广大盟员送上节日祝福！,其他/待判,,person_profile,人物采访/人物风采,其他/待判中疑似人物文章；建议复核为:人物采访/人物风采；当前为其他/待判；置信度较低:0,,上海民盟,,,/Users/cheer/Documents/mllm-wiki-kb/data/raw/上海民盟/2021-09-21_中秋佳节，向广大盟员送上节日祝福！_be04ce4404dd.md
105,5601,中国民主同盟,2021-11-05,情满为福，心暖即仙 丨 一位90后盟员作家对江西铅山抗疫一线的真实记录,其他/待判,,person_profile,人物采访/人物风采,其他/待判中疑似人物文章；建议复核为:人物采访/人物风采；当前为其他/待判；置信度较低:0,,,,,/Users/cheer/Documents/mllm-wiki-kb/data/raw/中国民主同盟/2021-11-05_情满为福，心暖即仙 丨 一位90后盟员作家对江西铅山抗疫一线的真实记录_808059cf5ac7.md
105,1395,上海民盟,2022-04-11,战“疫”有民盟丨盟员画家黄阿忠拿起画笔“艺”起抗疫,其他/待判,,person_profile,人物采访/人物风采,其他/待判中疑似人物文章；建议复核为:人物采访/人物风采；当前为其他/待判；置信度较低:0,,上海民盟,,,/Users/cheer/Documents/mllm-wiki-kb/data/raw/上海民盟/2022-04-11_战“疫”有民盟丨盟员画家黄阿忠拿起画笔“艺”起抗疫_7d277af38ba7.md
105,4853,中国民主同盟,2022-11-17,喜庆二十大 携手新征程——民盟盟员书画作品线上展（绘画篇）,其他/待判,,person_profile,人物采访/人物风采,其他/待判中疑似人物文章；建议复核为:人物采访/人物风采；当前为其他/待判；置信度较低:0,,,,,/Users/cheer/Documents/mllm-wiki-kb/data/raw/中国民主同盟/2022-11-17_喜庆二十大 携手新征程——民盟盟员书画作品线上展（绘画篇）_a96ec7e513f7.md
105,4666,中国民主同盟,2023-05-01,劳动最光荣|盟员美术家笔下的劳动者形象,其他/待判,,person_profile,人物采访/人物风采,其他/待判中疑似人物文章；建议复核为:人物采访/人物风采；当前为其他/待判；置信度较低:0,,,,,/Users/cheer/Documents/mllm-wiki-kb/data/raw/中国民主同盟/2023-05-01_劳动最光荣_盟员美术家笔下的劳动者形象_248880dd859f.md
105,7925,中国民主同盟,2024-02-06,赞！这位盟员医生的一个习惯性动作，救了患者一命！,其他/待判,,person_profile,人物采访/人物风采,其他/待判中疑似人物文章；建议复核为:人物采访/人物风采；当前为其他/待判；置信度较低:0,,宣传写作,,,/Users/cheer/Documents/mllm-wiki-kb/data/raw/中国民主同盟/2024-02-06_赞！这位盟员医生的一个习惯性动作，救了患者一命！_91649d8b6ff2.md
105,4661,中国民主同盟,2025-05-01,劳动最光荣 | 盟员美术家笔下的劳动者们（一）,其他/待判,,person_profile,人物采访/人物风采,其他/待判中疑似人物文章；建议复核为:人物采访/人物风采；当前为其他/待判；置信度较低:0,,,,,/Users/cheer/Documents/mllm-wiki-kb/data/raw/中国民主同盟/2025-05-01_劳动最光荣 _ 盟员美术家笔下的劳动者们（一）_2eb3f199abd8.md
105,4662,中国民主同盟,2025-05-03,劳动最光荣 | 盟员美术家笔下的劳动者们（三）,其他/待判,,person_profile,人物采访/人物风采,其他/待判中疑似人物文章；建议复核为:人物采访/人物风采；当前为其他/待判；置信度较低:0,,,,,/Users/cheer/Documents/mllm-wiki-kb/data/raw/中国民主同盟/2025-05-03_劳动最光荣 _ 盟员美术家笔下的劳动者们（三）_e1781eaea3d5.md
105,4664,中国民主同盟,2025-05-04,劳动最光荣 | 盟员美术家笔下的劳动者们（四）,其他/待判,,person_profile,人物采访/人物风采,其他/待判中疑似人物文章；建议复核为:人物采访/人物风采；当前为其他/待判；置信度较低:0,,,,,/Users/cheer/Documents/mllm-wiki-kb/data/raw/中国民主同盟/2025-05-04_劳动最光荣 _ 盟员美术家笔下的劳动者们（四）_fa381521c883.md
105,2885,中国民主同盟,2025-05-08,5名盟员获新时代青年先锋奖,其他/待判,,person_profile,人物采访/人物风采,其他/待判中疑似人物文章；建议复核为:人物采访/人物风采；当前为其他/待判；置信度较低:0,,,,,/Users/cheer/Documents/mllm-wiki-kb/data/raw/中国民主同盟/2025-05-08_5名盟员获新时代青年先锋奖_abb429e48df4.md
105,2890,中国民主同盟,2026-04-29,7名盟员获新时代青年先锋奖,其他/待判,,person_profile,人物采访/人物风采,其他/待判中疑似人物文章；建议复核为:人物采访/人物风采；当前为其他/待判；置信度较低:0,,,,,/Users/cheer/Documents/mllm-wiki-kb/data/raw/中国民主同盟/2026-04-29_7名盟员获新时代青年先锋奖_7463205ae4b4.md
85,798,上海民盟,2023-05-17,倒计时3天！第四届上海创新创业青年50人论坛来啦,其他/待判,,,,上海民盟近年样本优先；当前为其他/待判；置信度较低:0,,上海民盟,,,/Users/cheer/Documents/mllm-wiki-kb/data/raw/上海民盟/2023-05-17_倒计时3天！第四届上海创新创业青年50人论坛来啦_a6d280aa2dd5.md
85,1676,上海民盟,2023-10-10,民盟中央副主席徐辉出席“纪念钱伟长诞辰110周年活动”并在沪调研盟务工作,活动报道,95,history_commemoration,文史纪念,上海民盟近年样本优先；写作样本候选；建议复核为:文史纪念；文史/盟史候选；标题含文史纪念信号；活动报道中含交叉体裁信号,活动、举行、举办、开展、启动、调研,民盟史、上海民盟、参政议政、主题教育、组织建设、社会服务,,,/Users/cheer/Documents/mllm-wiki-kb/data/raw/上海民盟/2023-10-10_民盟中央副主席徐辉出席“纪念钱伟长诞辰110周年活动”并在沪调研盟务工作_bfb3d85d4a27.md
85,764,上海民盟,2025-05-23,以学风强作风！民盟市委主题教育启动后的首个培训班举办,活动报道,95,theme_education,主题教育,上海民盟近年样本优先；写作样本候选；建议复核为:主题教育；文史/盟史候选；标题含主题教育信号；活动报道中含交叉体裁信号,活动、举行、举办、开展、启动、参观、培训班,民盟史、上海民盟、参政议政、主题教育、组织建设、宣传写作,,,/Users/cheer/Documents/mllm-wiki-kb/data/raw/上海民盟/2025-05-23_以学风强作风！民盟市委主题教育启动后的首个培训班举办_d02e0385c1f0.md
85,1902,上海民盟,2025-12-24,沉痛悼念！著名海派电影导演沈耀庭逝世,其他/待判,,,,上海民盟近年样本优先；当前为其他/待判；置信度较低:0,,上海民盟,,,/Users/cheer/Documents/mllm-wiki-kb/data/raw/上海民盟/2025-12-24_沉痛悼念！著名海派电影导演沈耀庭逝世_94fb6dea9787.md
85,2005,上海民盟,2026-03-06,痛别“老舅妈”！著名表演艺术家嫩娘今晨逝世,其他/待判,,,,上海民盟近年样本优先；当前为其他/待判；置信度较低:0,,上海民盟、80周年,,,/Users/cheer/Documents/mllm-wiki-kb/data/raw/上海民盟/2026-03-06_痛别“老舅妈”！著名表演艺术家嫩娘今晨逝世_768db3b3f53e.md
70,2932,中国民主同盟,2015-07-15,《七子之歌》节选,其他/待判,,,,当前为其他/待判；置信度较低:0,,,,,/Users/cheer/Documents/mllm-wiki-kb/data/raw/中国民主同盟/2015-07-15_《七子之歌》节选_fd0bde35ee6c.md
70,4169,中国民主同盟,2016-02-22,元宵节快乐~,其他/待判,,,,当前为其他/待判；置信度较低:0,,,,,/Users/cheer/Documents/mllm-wiki-kb/data/raw/中国民主同盟/2016-02-22_元宵节快乐~_b7b4c5cf2d65.md
70,3451,中国民主同盟,2016-02-23,【贺】《群言》杂志微信公众号正式上线啦~,其他/待判,,,,当前为其他/待判；置信度较低:0,,宣传写作,,,/Users/cheer/Documents/mllm-wiki-kb/data/raw/中国民主同盟/2016-02-23_【贺】《群言》杂志微信公众号正式上线啦~_122458707578.md
70,9243,群言杂志,2016-07-22,认识糖尿病,其他/待判,,,,当前为其他/待判；置信度较低:0,,,,,/Users/cheer/Documents/mllm-wiki-kb/data/raw/群言杂志/2016-07-22_认识糖尿病_68096dc4352f.md
70,8860,群言杂志,2016-08-06,季羡林：我写我,其他/待判,,,,当前为其他/待判；置信度较低:0,,,,,/Users/cheer/Documents/mllm-wiki-kb/data/raw/群言杂志/2016-08-06_季羡林：我写我_989303a0418a.md
70,4867,中国民主同盟,2016-09-23,国家副主席李源潮亲切会见中法青年领导者论坛代表何军,其他/待判,,,,当前为其他/待判；置信度较低:0,,宣传写作,,,/Users/cheer/Documents/mllm-wiki-kb/data/raw/中国民主同盟/2016-09-23_国家副主席李源潮亲切会见中法青年领导者论坛代表何军_242068bed2d3.md
70,8792,群言杂志,2016-11-02,固守尊严,其他/待判,,,,当前为其他/待判；置信度较低:0,,,,,/Users/cheer/Documents/mllm-wiki-kb/data/raw/群言杂志/2016-11-02_固守尊严_1268aecfd014.md
70,8436,群言杂志,2016-11-04,【新刊】新在“旧”中 ——读《黎烈文散文选集》,其他/待判,,,,当前为其他/待判；置信度较低:0,,,,,/Users/cheer/Documents/mllm-wiki-kb/data/raw/群言杂志/2016-11-04_【新刊】新在“旧”中 ——读《黎烈文散文选集》_29c914cc36c8.md
70,9209,群言杂志,2016-12-30,老挂历的联想,其他/待判,,,,当前为其他/待判；置信度较低:0,,,,,/Users/cheer/Documents/mllm-wiki-kb/data/raw/群言杂志/2016-12-30_老挂历的联想_c24b96fa4cf0.md
70,6008,中国民主同盟,2017-01-26,树高千尺不忘根，水流万里总思源——毛国典老师用“笔墨”回报父老乡亲,其他/待判,,,,当前为其他/待判；置信度较低:0,,,,,/Users/cheer/Documents/mllm-wiki-kb/data/raw/中国民主同盟/2017-01-26_树高千尺不忘根，水流万里总思源——毛国典老师用“笔墨”回报父老乡亲_50b179988535.md
70,4061,中国民主同盟,2017-02-03,今日立春 | 请您欣赏民盟美术家笔下的春,其他/待判,,,,当前为其他/待判；置信度较低:0,,,,,/Users/cheer/Documents/mllm-wiki-kb/data/raw/中国民主同盟/2017-02-03_今日立春 _ 请您欣赏民盟美术家笔下的春_84c7965393ad.md
70,8758,群言杂志,2017-02-09,叶嘉莹：吟诵，让诗歌的生命延续,其他/待判,,,,当前为其他/待判；置信度较低:0,,上海民盟,,,/Users/cheer/Documents/mllm-wiki-kb/data/raw/群言杂志/2017-02-09_叶嘉莹：吟诵，让诗歌的生命延续_f4129e13c230.md
70,8659,群言杂志,2017-03-11,俞敏洪、刘长铭“对话”乡村教育,其他/待判,,,,当前为其他/待判；置信度较低:0,,,,,/Users/cheer/Documents/mllm-wiki-kb/data/raw/群言杂志/2017-03-11_俞敏洪、刘长铭“对话”乡村教育_dcab0a05df1e.md
70,3102,中国民主同盟,2017-04-11,《史良》连载32 | 维护妇女参政权，重庆妇女界宪政运动的主要领导人,其他/待判,,,,当前为其他/待判；置信度较低:0,,,,,/Users/cheer/Documents/mllm-wiki-kb/data/raw/中国民主同盟/2017-04-11_《史良》连载32 _ 维护妇女参政权，重庆妇女界宪政运动的主要领导人_7089db8534e9.md
70,3103,中国民主同盟,2017-04-12,《史良》连载33 | 继续从事律师业务,其他/待判,,,,当前为其他/待判；置信度较低:0,,,,,/Users/cheer/Documents/mllm-wiki-kb/data/raw/中国民主同盟/2017-04-12_《史良》连载33 _ 继续从事律师业务_4a2dc6b3db7b.md
70,3104,中国民主同盟,2017-04-17,《史良》连载34 | 共产党的真挚朋友,其他/待判,,,,当前为其他/待判；置信度较低:0,,,,,/Users/cheer/Documents/mllm-wiki-kb/data/raw/中国民主同盟/2017-04-17_《史良》连载34 _ 共产党的真挚朋友_fc99de9ebea5.md
70,3105,中国民主同盟,2017-04-19,《史良》连载35｜在第二次宪政运动中,其他/待判,,,,当前为其他/待判；置信度较低:0,,,,,/Users/cheer/Documents/mllm-wiki-kb/data/raw/中国民主同盟/2017-04-19_《史良》连载35｜在第二次宪政运动中_aecbea2bb1e4.md
70,9152,群言杂志,2017-04-19,移民问题与美国政治,其他/待判,,,,当前为其他/待判；置信度较低:0,,宣传写作,,,/Users/cheer/Documents/mllm-wiki-kb/data/raw/群言杂志/2017-04-19_移民问题与美国政治_70439e838ad2.md
70,3106,中国民主同盟,2017-04-21,《史良》连载36 | 加入民盟,其他/待判,,,,当前为其他/待判；置信度较低:0,,,,,/Users/cheer/Documents/mllm-wiki-kb/data/raw/中国民主同盟/2017-04-21_《史良》连载36 _ 加入民盟_e1291149fbdc.md
70,8511,群言杂志,2017-04-21,【福建专刊】写在古港帆影里的海外交通史,其他/待判,,,,当前为其他/待判；置信度较低:0,,,,,/Users/cheer/Documents/mllm-wiki-kb/data/raw/群言杂志/2017-04-21_【福建专刊】写在古港帆影里的海外交通史_097474511ba9.md
70,3107,中国民主同盟,2017-04-25,《史良》连载（完结篇）| 参与发起成立中国妇女联谊会,其他/待判,,,,当前为其他/待判；置信度较低:0,,,,,/Users/cheer/Documents/mllm-wiki-kb/data/raw/中国民主同盟/2017-04-25_《史良》连载（完结篇）_ 参与发起成立中国妇女联谊会_3b9bd8388848.md
70,8586,群言杂志,2017-05-03,中国要成为文化大国的基础是什么,其他/待判,,,,当前为其他/待判；置信度较低:0,,,,,/Users/cheer/Documents/mllm-wiki-kb/data/raw/群言杂志/2017-05-03_中国要成为文化大国的基础是什么_766e6d349cb0.md
70,8452,群言杂志,2017-05-10,【新刊】非西方式文艺复兴与生态社会的来临,其他/待判,,,,当前为其他/待判；置信度较低:0,,,,,/Users/cheer/Documents/mllm-wiki-kb/data/raw/群言杂志/2017-05-10_【新刊】非西方式文艺复兴与生态社会的来临_ca0387090803.md
70,8610,群言杂志,2017-06-16,京陇方言妙趣,其他/待判,,,,当前为其他/待判；置信度较低:0,,,,,/Users/cheer/Documents/mllm-wiki-kb/data/raw/群言杂志/2017-06-16_京陇方言妙趣_ce41628d4387.md
70,9259,群言杂志,2017-06-21,读书人的本分,其他/待判,,,,当前为其他/待判；置信度较低:0,,上海民盟,,,/Users/cheer/Documents/mllm-wiki-kb/data/raw/群言杂志/2017-06-21_读书人的本分_c28d495b61d4.md
70,8316,群言杂志,2017-06-28,【上海专刊】方寸之间，有一份上海城市生活备忘录,其他/待判,,,,当前为其他/待判；置信度较低:0,,上海民盟,,,/Users/cheer/Documents/mllm-wiki-kb/data/raw/群言杂志/2017-06-28_【上海专刊】方寸之间，有一份上海城市生活备忘录_eb928af6a5c5.md
70,8574,群言杂志,2017-06-28,两种桃花源,其他/待判,,,,当前为其他/待判；置信度较低:0,,宣传写作,,,/Users/cheer/Documents/mllm-wiki-kb/data/raw/群言杂志/2017-06-28_两种桃花源_435612acf6f1.md
70,8768,群言杂志,2017-09-22,君子：中华民族千锤百炼的人格基因,其他/待判,,,,当前为其他/待判；置信度较低:0,,,,,/Users/cheer/Documents/mllm-wiki-kb/data/raw/群言杂志/2017-09-22_君子：中华民族千锤百炼的人格基因_175935da38af.md
70,3206,中国民主同盟,2017-12-02,@所有人，请您寄语民盟十二大！,其他/待判,,,,当前为其他/待判；置信度较低:0,,宣传写作,,,/Users/cheer/Documents/mllm-wiki-kb/data/raw/中国民主同盟/2017-12-02_@所有人，请您寄语民盟十二大！_d2c45bbdad67.md
70,3522,中国民主同盟,2017-12-06,一图带你了解民盟十二大代表是怎样产生的！,其他/待判,,,,当前为其他/待判；置信度较低:0,,,,,/Users/cheer/Documents/mllm-wiki-kb/data/raw/中国民主同盟/2017-12-06_一图带你了解民盟十二大代表是怎样产生的！_8717b5a8dcff.md
70,5606,中国民主同盟,2017-12-07,想看民盟十二大开幕式全景吗？小编有“神器”带你去——,其他/待判,,,,当前为其他/待判；置信度较低:0,,,,,/Users/cheer/Documents/mllm-wiki-kb/data/raw/中国民主同盟/2017-12-07_想看民盟十二大开幕式全景吗？小编有“神器”带你去——_2498874a69ee.md
70,8816,群言杂志,2017-12-15,夏烈：为什么要提网络文学创作的“中华性”,其他/待判,,,,当前为其他/待判；置信度较低:0,,,,,/Users/cheer/Documents/mllm-wiki-kb/data/raw/群言杂志/2017-12-15_夏烈：为什么要提网络文学创作的“中华性”_548f004d0b43.md
